"ID of id","nodeName","ID of typeid","ID of parentid","ID of sourceid"
133,"length",87,132,133
256,"length",87,255,256
292,"out",284,290,292
771,"length",87,770,771
1091,"length",87,1090,1091
1096,"length",87,1095,1096
1106,"length",87,1105,1106
1160,"length",87,1159,1160
1202,"length",87,1201,1202
1441,"length",87,1440,1441
1540,"modCount",87,935,1540
1704,"length",87,1703,1704
1759,"elementData",1090,906,1759
1921,"EMPTY_LIST",1183,1882,1921
1938,"EMPTY_MAP",1934,1882,1938
1955,"EMPTY_SET",1951,1882,1955
2060,"MIN_VALUE",87,374,2060
2488,"field",88,2447,2488
2495,"fieldNotDocumented",157,2447,2495
2512,"world",87,2511,2512
2516,"hello",87,2511,2516
2517,"set",87,2511,2517
2518,"get",87,2511,2518
2519,"with",87,2511,2519
2520,"each",87,2511,2520
2521,"as",925,2511,2521
2702,"world",87,2701,2702
2705,"hello",87,2701,2705
2706,"set",87,2701,2706
2707,"get",87,2701,2707
2708,"with",87,2701,2708
2709,"each",87,2701,2709
3189,"val",87,3188,3189
3529,"obj2",3530,3528,3529
3533,"obj",3530,3528,3533
3534,"var1",396,3528,3534
3595,"x",87,3530,3595
4901,"x",88,4900,4901
5029,"serialVersionUID",2854,5028,5029
5056,"serialVersionUID",2854,5055,5056
5094,"serialVersionUID",2854,5093,5094
5306,"ROOT",5223,5223,5306
6351,"thl",6346,6350,6351
6812,"val",87,6801,6812
7144,"SOME_CONSTANT",87,7134,7144
7159,"member",87,7158,7159
7193,"id",87,7188,7193
7247,"q",87,7246,7247
7424,"length",87,7423,7424
7476,"length",87,7475,7476
7567,"length",87,7566,7567
7650,"pathSeparator",157,7533,7650
7651,"pathSeparatorChar",7422,7533,7651
7652,"separator",157,7533,7652
7653,"separatorChar",7422,7533,7653
7698,"err",7654,7654,7698
7699,"out",7654,7654,7699
7700,"in",7654,7654,7700
7739,"out",7721,7718,7739
7754,"serialVersionUID",2854,7412,7754
7815,"classname",157,7798,7815
7946,"length",87,7945,7946
7949,"REJECTED",7863,7863,7949
7950,"ALLOWED",7863,7863,7950
7951,"UNDECIDED",7863,7863,7951
8293,"hasData",88,8287,8293
8294,"desc",8014,8287,8294
8318,"length",87,8317,8318
8370,"length",87,8369,8370
8420,"NO_FIELDS",8369,8014,8420
8424,"PROTOCOL_VERSION_2",87,8019,8424
8425,"PROTOCOL_VERSION_1",87,8019,8425
8426,"SERIAL_FILTER_PERMISSION",8427,8019,8426
8428,"SUBCLASS_IMPLEMENTATION_PERMISSION",8427,8019,8428
8429,"SUBSTITUTION_PERMISSION",8427,8019,8429
8430,"SC_ENUM",788,8019,8430
8431,"SC_EXTERNALIZABLE",788,8019,8431
8432,"SC_SERIALIZABLE",788,8019,8432
8433,"SC_BLOCK_DATA",788,8019,8433
8434,"SC_WRITE_METHOD",788,8019,8434
8435,"baseWireHandle",87,8019,8435
8436,"TC_MAX",788,8019,8436
8437,"TC_ENUM",788,8019,8437
8438,"TC_PROXYCLASSDESC",788,8019,8438
8439,"TC_LONGSTRING",788,8019,8439
8440,"TC_EXCEPTION",788,8019,8440
8441,"TC_BLOCKDATALONG",788,8019,8441
8442,"TC_RESET",788,8019,8442
8443,"TC_ENDBLOCKDATA",788,8019,8443
8444,"TC_BLOCKDATA",788,8019,8444
8445,"TC_CLASS",788,8019,8445
8446,"TC_ARRAY",788,8019,8446
8447,"TC_STRING",788,8019,8447
8448,"TC_OBJECT",788,8019,8448
8449,"TC_CLASSDESC",788,8019,8449
8450,"TC_REFERENCE",788,8019,8450
8451,"TC_NULL",788,8019,8451
8452,"TC_BASE",788,8019,8452
8453,"STREAM_VERSION",7463,8019,8453
8454,"STREAM_MAGIC",7463,8019,8454
8513,"eof",88,8506,8513
8514,"length",87,8506,8514
8770,"out",8652,7442,8770
8810,"lock",79,7440,8810
8877,"lock",79,8652,8877
9036,"count",87,8878,9036
9037,"maybeLatin1",88,8878,9037
9038,"coder",788,8878,9038
9039,"value",7475,8878,9039
9113,"TYPE",9112,396,9113
9114,"FALSE",396,396,9114
9115,"TRUE",396,396,9115
9385,"BYTES",87,9131,9385
9386,"SIZE",87,9131,9386
9387,"MAX_CODE_POINT",87,9131,9387
9388,"MIN_CODE_POINT",87,9131,9388
9389,"MIN_SUPPLEMENTARY_CODE_POINT",87,9131,9389
9390,"MAX_SURROGATE",7422,9131,9390
9391,"MIN_SURROGATE",7422,9131,9391
9392,"MAX_LOW_SURROGATE",7422,9131,9392
9393,"MIN_LOW_SURROGATE",7422,9131,9393
9394,"MAX_HIGH_SURROGATE",7422,9131,9394
9395,"MIN_HIGH_SURROGATE",7422,9131,9395
9396,"DIRECTIONALITY_POP_DIRECTIONAL_ISOLATE",788,9131,9396
9397,"DIRECTIONALITY_FIRST_STRONG_ISOLATE",788,9131,9397
9398,"DIRECTIONALITY_RIGHT_TO_LEFT_ISOLATE",788,9131,9398
9399,"DIRECTIONALITY_LEFT_TO_RIGHT_ISOLATE",788,9131,9399
9400,"DIRECTIONALITY_POP_DIRECTIONAL_FORMAT",788,9131,9400
9401,"DIRECTIONALITY_RIGHT_TO_LEFT_OVERRIDE",788,9131,9401
9402,"DIRECTIONALITY_RIGHT_TO_LEFT_EMBEDDING",788,9131,9402
9403,"DIRECTIONALITY_LEFT_TO_RIGHT_OVERRIDE",788,9131,9403
9404,"DIRECTIONALITY_LEFT_TO_RIGHT_EMBEDDING",788,9131,9404
9405,"DIRECTIONALITY_OTHER_NEUTRALS",788,9131,9405
9406,"DIRECTIONALITY_WHITESPACE",788,9131,9406
9407,"DIRECTIONALITY_SEGMENT_SEPARATOR",788,9131,9407
9408,"DIRECTIONALITY_PARAGRAPH_SEPARATOR",788,9131,9408
9409,"DIRECTIONALITY_BOUNDARY_NEUTRAL",788,9131,9409
9410,"DIRECTIONALITY_NONSPACING_MARK",788,9131,9410
9411,"DIRECTIONALITY_COMMON_NUMBER_SEPARATOR",788,9131,9411
9412,"DIRECTIONALITY_ARABIC_NUMBER",788,9131,9412
9413,"DIRECTIONALITY_EUROPEAN_NUMBER_TERMINATOR",788,9131,9413
9414,"DIRECTIONALITY_EUROPEAN_NUMBER_SEPARATOR",788,9131,9414
9415,"DIRECTIONALITY_EUROPEAN_NUMBER",788,9131,9415
9416,"DIRECTIONALITY_RIGHT_TO_LEFT_ARABIC",788,9131,9416
9417,"DIRECTIONALITY_RIGHT_TO_LEFT",788,9131,9417
9418,"DIRECTIONALITY_LEFT_TO_RIGHT",788,9131,9418
9419,"DIRECTIONALITY_UNDEFINED",788,9131,9419
9420,"ERROR",87,9131,9420
9421,"FINAL_QUOTE_PUNCTUATION",788,9131,9421
9422,"INITIAL_QUOTE_PUNCTUATION",788,9131,9422
9423,"OTHER_SYMBOL",788,9131,9423
9424,"MODIFIER_SYMBOL",788,9131,9424
9425,"CURRENCY_SYMBOL",788,9131,9425
9426,"MATH_SYMBOL",788,9131,9426
9427,"OTHER_PUNCTUATION",788,9131,9427
9428,"CONNECTOR_PUNCTUATION",788,9131,9428
9429,"END_PUNCTUATION",788,9131,9429
9430,"START_PUNCTUATION",788,9131,9430
9431,"DASH_PUNCTUATION",788,9131,9431
9432,"SURROGATE",788,9131,9432
9433,"PRIVATE_USE",788,9131,9433
9434,"FORMAT",788,9131,9434
9435,"CONTROL",788,9131,9435
9436,"PARAGRAPH_SEPARATOR",788,9131,9436
9437,"LINE_SEPARATOR",788,9131,9437
9438,"SPACE_SEPARATOR",788,9131,9438
9439,"OTHER_NUMBER",788,9131,9439
9440,"LETTER_NUMBER",788,9131,9440
9441,"DECIMAL_DIGIT_NUMBER",788,9131,9441
9442,"COMBINING_SPACING_MARK",788,9131,9442
9443,"ENCLOSING_MARK",788,9131,9443
9444,"NON_SPACING_MARK",788,9131,9444
9445,"OTHER_LETTER",788,9131,9445
9446,"MODIFIER_LETTER",788,9131,9446
9447,"TITLECASE_LETTER",788,9131,9447
9448,"LOWERCASE_LETTER",788,9131,9448
9449,"UPPERCASE_LETTER",788,9131,9449
9450,"UNASSIGNED",788,9131,9450
9452,"TYPE",9451,9131,9452
9453,"MAX_VALUE",7422,9131,9453
9454,"MIN_VALUE",7422,9131,9454
9455,"MAX_RADIX",87,9131,9455
9456,"MIN_RADIX",87,9131,9456
9470,"length",87,9469,9470
9473,"length",87,9472,9473
9477,"length",87,9476,9477
9497,"length",87,9496,9497
9513,"length",87,9512,9513
9520,"length",87,9519,9520
9534,"length",87,9533,9534
9559,"length",87,9558,9559
9616,"length",87,9615,9616
9619,"length",87,9618,9619
9624,"length",87,9623,9624
9629,"length",87,9628,9629
9636,"length",87,9635,9636
9641,"length",87,9640,9641
9701,"length",87,9700,9701
9716,"length",87,9715,9716
9722,"length",87,9721,9722
9727,"length",87,9726,9727
9780,"classValueMap",9781,3279,9780
9838,"length",87,9837,9838
10010,"classAssertionStatus",10009,9732,10010
10011,"assertionLock",79,9732,10011
10067,"length",87,10066,10067
10070,"length",87,10069,10070
10083,"length",87,10082,10083
10480,"values",10433,9799,10480
10481,"keySet",10437,9799,10481
10603,"modCount",87,10041,10603
10604,"table",10608,10041,10604
10606,"length",87,10605,10606
10609,"length",87,10608,10609
10613,"length",87,10612,10613
10616,"length",87,10615,10616
10629,"length",87,10628,10629
10727,"next",10262,7682,10727
10729,"queue",10682,7682,10729
10758,"DEAD_ENTRY",10026,10027,10758
10759,"value",79,10027,10759
10803,"identity",10025,10034,10803
10804,"HASH_MASK",87,10034,10804
10805,"hashCodeForCache",87,10034,10805
10822,"RUNTIME",10819,10819,10822
10827,"length",87,10826,10827
10832,"CONSTRUCTOR",10825,10825,10832
10834,"FIELD",10825,10825,10834
10836,"LOCAL_VARIABLE",10825,10825,10836
10838,"METHOD",10825,10825,10838
10840,"PACKAGE",10825,10825,10840
10842,"MODULE",10825,10825,10842
10844,"PARAMETER",10825,10825,10844
10846,"TYPE",10825,10825,10846
10933,"TYPE",10932,10847,10933
10934,"BYTES",87,10847,10934
10935,"MIN_EXPONENT",87,10847,10935
10936,"MAX_EXPONENT",87,10847,10936
10937,"PRECISION",87,10847,10937
10938,"SIZE",87,10847,10938
10939,"MIN_VALUE",477,10847,10939
10940,"MIN_NORMAL",477,10847,10940
10941,"MAX_VALUE",477,10847,10941
10942,"NaN",477,10847,10942
10943,"NEGATIVE_INFINITY",477,10847,10943
10944,"POSITIVE_INFINITY",477,10847,10944
10968,"length",87,10967,10968
11052,"serialVersionUID",2854,11036,11052
11068,"serialVersionUID",2854,2791,11068
11105,"serialVersionUID",2854,11094,11105
11277,"BYTES",87,374,11277
11278,"SIZE",87,374,11278
11279,"sizeTable",132,374,11279
11280,"DigitOnes",7475,374,11280
11281,"DigitTens",7475,374,11281
11282,"digits",7423,374,11282
11284,"TYPE",11283,374,11284
11285,"MAX_VALUE",87,374,11285
11482,"BYTES",87,11311,11482
11483,"SIZE",87,11311,11483
11485,"TYPE",11484,11311,11485
11486,"MAX_VALUE",2854,11311,11486
11487,"MIN_VALUE",2854,11311,11487
11707,"serialVersionUID",2854,10905,11707
11739,"SOURCE",10819,10819,11739
11763,"length",87,11762,11763
11777,"length",87,11776,11777
11834,"serialVersionUID",2854,10014,11834
11854,"serialVersionUID",2854,11085,11854
11976,"length",87,11975,11976
12042,"length",87,12041,12042
12045,"LOCALS_AND_OPERANDS",12010,12010,12045
12078,"length",87,12077,12078
12081,"SHOW_HIDDEN_FRAMES",12046,12046,12081
12082,"SHOW_REFLECT_FRAMES",12046,12046,12082
12083,"RETAIN_CLASS_REFERENCE",12046,12046,12083
12161,"retainClassRef",88,11970,12161
12171,"DEFAULT_EMPTY_OPTION",12162,11970,12171
12301,"length",87,12300,12301
12506,"UTF16",788,157,12506
12507,"LATIN1",788,157,12507
12510,"CASE_INSENSITIVE_ORDER",12508,157,12510
12511,"COMPACT_STRINGS",88,157,12511
12668,"serialVersionUID",2854,8993,12668
12781,"serialVersionUID",2854,5242,12781
12817,"length",87,12816,12817
12820,"OFF",12782,12782,12820
12821,"ERROR",12782,12782,12821
12822,"WARNING",12782,12782,12822
12823,"INFO",12782,12782,12823
12824,"DEBUG",12782,12782,12824
12825,"TRACE",12782,12782,12825
12826,"ALL",12782,12782,12826
12943,"bootLayer",11506,290,12943
12944,"err",284,290,12944
12945,"in",7755,290,12945
12957,"VIRTUAL_THREADS",12954,12954,12957
13052,"length",87,13051,13052
13055,"TERMINATED",13020,13020,13055
13056,"TIMED_WAITING",13020,13020,13056
13057,"WAITING",13020,13020,13057
13058,"BLOCKED",13020,13020,13058
13059,"RUNNABLE",13020,13020,13059
13060,"NEW",13020,13020,13060
13096,"length",87,13095,13096
13267,"threadLocalRandomSecondarySeed",87,2797,13267
13268,"threadLocalRandomProbe",87,2797,13268
13269,"threadLocalRandomSeed",2854,2797,13269
13270,"NO_INHERIT_THREAD_LOCALS",87,2797,13270
13271,"NO_THREAD_LOCALS",87,2797,13271
13272,"MAX_PRIORITY",87,2797,13272
13273,"NORM_PRIORITY",87,2797,13273
13274,"MIN_PRIORITY",87,2797,13274
13275,"nioBlocker",13259,2797,13275
13276,"interruptLock",79,2797,13276
13277,"inheritableThreadLocals",6375,2797,13277
13278,"threadLocals",6375,2797,13278
13279,"interrupted",88,2797,13279
13311,"length",87,13310,13311
13367,"NOT_SUPPORTED",6375,6375,13367
13372,"length",87,13371,13372
13423,"serialVersionUID",2854,8325,13423
13438,"TYPE",13437,12205,13438
13450,"serialVersionUID",2854,13439,13450
13468,"ANNOTATION_TYPE",10825,10825,13468
13500,"RECORD_COMPONENT",10825,10825,13500
13501,"TYPE_USE",10825,10825,13501
13502,"TYPE_PARAMETER",10825,10825,13502
13542,"length",87,13541,13542
13545,"CLASS",10819,10819,13545
13635,"length",87,13634,13635
13638,"isInterface",88,13597,13638
13639,"refKind",87,13597,13639
13640,"STATIC_SETTER",13597,13597,13640
13641,"STATIC_GETTER",13597,13597,13641
13642,"SETTER",13597,13597,13642
13643,"GETTER",13597,13597,13643
13644,"CONSTRUCTOR",13597,13597,13644
13645,"INTERFACE_SPECIAL",13597,13597,13645
13646,"SPECIAL",13597,13597,13646
13647,"INTERFACE_VIRTUAL",13597,13597,13647
13648,"VIRTUAL",13597,13597,13648
13649,"INTERFACE_STATIC",13597,13597,13649
13650,"STATIC",13597,13597,13650
13669,"length",87,13668,13669
13696,"length",87,13695,13696
13701,"length",87,13700,13701
13704,"length",87,13703,13704
13739,"length",87,13738,13739
13814,"cachedSize",2854,13777,13814
13817,"alignment",2854,13777,13817
13823,"FOREIGN",12954,12954,13823
13867,"length",87,13866,13867
13870,"sizeOp",13871,13827,13870
13872,"delimTag",157,13827,13872
13873,"UNION",13827,13827,13873
13874,"STRUCT",13827,13827,13874
14077,"NULL",13825,13825,14077
14098,"length",87,14097,14098
14121,"length",87,14120,14121
14349,"length",87,14348,14349
14354,"length",87,14353,14354
14359,"length",87,14358,14359
14366,"length",87,14365,14366
14790,"JAVA_DOUBLE",13919,14109,14790
14791,"JAVA_FLOAT",13939,14109,14791
14792,"JAVA_LONG",13929,14109,14792
14793,"JAVA_INT",13949,14109,14793
14794,"JAVA_SHORT",13959,14109,14794
14795,"JAVA_CHAR",13969,14109,14795
14796,"JAVA_BOOLEAN",14042,14109,14796
14797,"JAVA_BYTE",14052,14109,14797
14798,"ADDRESS",13909,14109,14798
14979,"TN_COPY_NO_EXTEND",87,14891,14979
14980,"BMH_TRANSFORMS",14938,14891,14980
15151,"SPECIALIZER",14891,14802,15151
15181,"target",8298,15152,15181
15257,"NF_LIMIT",788,15183,15257
15258,"NF_checkReceiver",788,15183,15258
15259,"NF_UNSAFE",788,15183,15259
15260,"NF_constructorMethod",788,15183,15260
15261,"NF_allocateInstance",788,15183,15261
15262,"NF_checkCast",788,15183,15262
15263,"NF_staticOffset",788,15183,15263
15264,"NF_staticBase",788,15183,15264
15265,"NF_checkBase",788,15183,15265
15266,"NF_fieldOffset",788,15183,15266
15267,"NF_ensureInitialized",788,15183,15267
15268,"NF_internalMemberNameEnsureInit",788,15183,15268
15269,"NF_internalMemberName",788,15183,15269
15270,"FT_LIMIT",87,15183,15270
15271,"FT_CHECKED_REF",87,15183,15271
15272,"FT_UNCHECKED_REF",87,15183,15272
15273,"FT_LAST_WRAPPER",87,15183,15273
15274,"AF_LIMIT",788,15183,15274
15275,"AF_PUTSTATIC_INIT",788,15183,15275
15276,"AF_GETSTATIC_INIT",788,15183,15276
15277,"AF_PUTSTATIC",788,15183,15277
15278,"AF_GETSTATIC",788,15183,15278
15279,"AF_PUTFIELD",788,15183,15279
15280,"AF_GETFIELD",788,15183,15280
15281,"crackable",88,15183,15281
15282,"member",14937,15183,15282
15355,"INV_LIMIT",87,15283,15355
15356,"VH_INV_GENERIC",87,15283,15356
15357,"VH_INV_EXACT",87,15283,15357
15358,"INV_BASIC",87,15283,15358
15359,"INV_GENERIC",87,15283,15359
15360,"INV_EXACT",87,15283,15360
15398,"length",87,15397,15398
15416,"btWrapper",15409,15142,15416
15417,"btClass",3285,15142,15417
15418,"btChar",7422,15142,15418
15419,"V_TYPE_NUM",788,15142,15419
15420,"D_TYPE_NUM",788,15142,15420
15421,"F_TYPE_NUM",788,15142,15421
15422,"J_TYPE_NUM",788,15142,15422
15423,"I_TYPE_NUM",788,15142,15423
15424,"L_TYPE_NUM",788,15142,15424
15425,"TYPE_LIMIT",87,15142,15425
15426,"ARG_TYPE_LIMIT",87,15142,15426
15427,"ARG_TYPES",15397,15142,15427
15431,"ALL_TYPES",15397,15142,15431
15433,"V_TYPE",15142,15142,15433
15434,"D_TYPE",15142,15142,15434
15435,"F_TYPE",15142,15142,15435
15436,"J_TYPE",15142,15142,15436
15437,"I_TYPE",15142,15142,15437
15438,"L_TYPE",15142,15142,15438
15471,"length",87,15470,15471
15474,"methodName",157,15439,15474
15475,"defaultLambdaName",157,15439,15475
15476,"VARHANDLE_LINKER",15439,15439,15476
15477,"VARHANDLE_INVOKER",15439,15439,15477
15478,"VARHANDLE_EXACT_INVOKER",15439,15439,15478
15479,"GUARD_WITH_CATCH",15439,15439,15479
15480,"GUARD",15439,15439,15480
15481,"FIELD",15439,15439,15481
15482,"LOOP",15439,15439,15482
15483,"SPREAD",15439,15439,15483
15484,"CONVERT",15439,15439,15484
15485,"COLLECTOR",15439,15439,15485
15486,"COLLECT",15439,15439,15486
15487,"TABLE_SWITCH",15439,15439,15487
15488,"TRY_FINALLY",15439,15439,15488
15489,"PUT_DOUBLE_VOLATILE",15439,15439,15489
15490,"GET_DOUBLE_VOLATILE",15439,15439,15490
15491,"PUT_DOUBLE",15439,15439,15491
15492,"GET_DOUBLE",15439,15439,15492
15493,"PUT_FLOAT_VOLATILE",15439,15439,15493
15494,"GET_FLOAT_VOLATILE",15439,15439,15494
15495,"PUT_FLOAT",15439,15439,15495
15496,"GET_FLOAT",15439,15439,15496
15497,"PUT_LONG_VOLATILE",15439,15439,15497
15498,"GET_LONG_VOLATILE",15439,15439,15498
15499,"PUT_LONG",15439,15439,15499
15500,"GET_LONG",15439,15439,15500
15501,"PUT_SHORT_VOLATILE",15439,15439,15501
15502,"GET_SHORT_VOLATILE",15439,15439,15502
15503,"PUT_SHORT",15439,15439,15503
15504,"GET_SHORT",15439,15439,15504
15505,"PUT_CHAR_VOLATILE",15439,15439,15505
15506,"GET_CHAR_VOLATILE",15439,15439,15506
15507,"PUT_CHAR",15439,15439,15507
15508,"GET_CHAR",15439,15439,15508
15509,"PUT_BYTE_VOLATILE",15439,15439,15509
15510,"GET_BYTE_VOLATILE",15439,15439,15510
15511,"PUT_BYTE",15439,15439,15511
15512,"GET_BYTE",15439,15439,15512
15513,"PUT_BOOLEAN_VOLATILE",15439,15439,15513
15514,"GET_BOOLEAN_VOLATILE",15439,15439,15514
15515,"PUT_BOOLEAN",15439,15439,15515
15516,"GET_BOOLEAN",15439,15439,15516
15517,"PUT_INT_VOLATILE",15439,15439,15517
15518,"GET_INT_VOLATILE",15439,15439,15518
15519,"PUT_INT",15439,15439,15519
15520,"GET_INT",15439,15439,15520
15521,"PUT_REFERENCE_VOLATILE",15439,15439,15521
15522,"GET_REFERENCE_VOLATILE",15439,15439,15522
15523,"PUT_REFERENCE",15439,15439,15523
15524,"GET_REFERENCE",15439,15439,15524
15525,"DIRECT_INVOKE_STATIC_INIT",15439,15439,15525
15526,"DIRECT_INVOKE_INTERFACE",15439,15439,15526
15527,"DIRECT_NEW_INVOKE_SPECIAL",15439,15439,15527
15528,"DIRECT_INVOKE_STATIC",15439,15439,15528
15529,"DIRECT_INVOKE_SPECIAL_IFC",15439,15439,15529
15530,"DIRECT_INVOKE_SPECIAL",15439,15439,15530
15531,"DIRECT_INVOKE_VIRTUAL",15439,15439,15531
15532,"LINK_TO_CALL_SITE",15439,15439,15532
15533,"LINK_TO_TARGET_METHOD",15439,15439,15533
15534,"GENERIC_INVOKER",15439,15439,15534
15535,"GENERIC_LINKER",15439,15439,15535
15536,"EXACT_INVOKER",15439,15439,15536
15537,"EXACT_LINKER",15439,15439,15537
15538,"DELEGATE",15439,15439,15538
15539,"REINVOKER",15439,15439,15539
15540,"BOUND_REINVOKER",15439,15439,15540
15541,"IDENTITY",15439,15439,15541
15542,"ZERO",15439,15439,15542
15543,"GENERIC",15439,15439,15543
15569,"length",87,15568,15569
15607,"arguments",1090,15230,15607
15609,"constraint",79,15230,15609
15610,"function",14864,15230,15610
15611,"index",7463,15230,15611
15613,"type",15142,15230,15613
15654,"INVOKER_METHOD_TYPE",11964,14864,15654
15655,"invoker",8298,14864,15655
15657,"member",14937,14864,15657
15783,"INTERNED_ARGUMENT_LIMIT",87,15086,15783
15784,"LAST_RESULT",87,15086,15784
15785,"VOID_RESULT",87,15086,15785
15786,"transformCache",79,15086,15786
15787,"vmentry",14937,15086,15787
15788,"kind",15439,15086,15788
15789,"names",15568,15086,15789
15791,"customized",8298,15086,15791
15792,"forceInline",88,15086,15792
15793,"result",87,15086,15793
15794,"arity",87,15086,15794
15870,"lambdaForm",15086,15140,15870
15924,"INSTANCE",15871,15871,15924
16046,"SEARCH_ALL_SUPERS",87,14937,16046
16047,"IS_FIELD_OR_METHOD",87,14937,16047
16048,"IS_INVOCABLE",87,14937,16048
16049,"ALL_KINDS",87,14937,16049
16050,"ALL_ACCESS",87,14937,16050
16051,"TRUSTED_FINAL",87,14937,16051
16052,"CALLER_SENSITIVE",87,14937,16052
16053,"IS_TYPE",87,14937,16053
16054,"IS_FIELD",87,14937,16054
16055,"IS_CONSTRUCTOR",87,14937,16055
16056,"IS_METHOD",87,14937,16056
16057,"RECOGNIZED_MODIFIERS",87,14937,16057
16058,"CONSTRUCTOR_NAME",157,14937,16058
16059,"ENUM",87,14937,16059
16060,"ANNOTATION",87,14937,16060
16061,"SYNTHETIC",87,14937,16061
16062,"VARARGS",87,14937,16062
16063,"BRIDGE",87,14937,16063
16064,"resolution",79,14937,16064
16196,"form",15086,8298,16196
16238,"length",87,16237,16238
16241,"LENGTH",16197,16197,16241
16242,"SET",16197,16197,16242
16243,"GET",16197,16197,16243
16248,"length",87,16247,16248
16252,"cases",16247,16244,16252
16287,"length",87,16286,16287
16290,"NONE",15618,15618,16290
16291,"ZERO",15618,15618,16291
16292,"IDENTITY",15618,15618,16292
16293,"ARRAY_LENGTH",15618,15618,16293
16294,"ARRAY_STORE",15618,15618,16294
16295,"ARRAY_LOAD",15618,15618,16295
16296,"LOOP",15618,15618,16296
16297,"TABLE_SWITCH",15618,15618,16297
16298,"TRY_FINALLY",15618,15618,16298
16299,"GUARD_WITH_CATCH",15618,15618,16299
16300,"SELECT_ALTERNATIVE",15618,15618,16300
16307,"length",87,16306,16307
16311,"clauses",16306,16301,16311
16478,"MH_LIMIT",87,16225,16478
16479,"MH_VarHandles_handleCheckedExceptions",87,16225,16479
16480,"MH_Array_newInstance",87,16225,16480
16481,"MH_iterateNext",87,16225,16481
16482,"MH_iteratePred",87,16225,16482
16483,"MH_initIterator",87,16225,16483
16484,"MH_countedLoopStep",87,16225,16484
16485,"MH_countedLoopPred",87,16225,16485
16486,"MH_selectAlternative",87,16225,16486
16487,"MH_cast",87,16225,16487
16488,"NF_LIMIT",788,16225,16488
16489,"NF_tableSwitch",788,16225,16489
16490,"NF_profileBoolean",788,16225,16490
16491,"NF_loop",788,16225,16491
16492,"NF_tryFinally",788,16225,16492
16493,"NF_throwException",788,16225,16493
16494,"NF_guardWithCatch",788,16225,16494
16495,"NF_checkSpreadArgument",788,16225,16495
16496,"MAX_JVM_ARITY",87,16225,16496
16497,"FAKE_METHOD_HANDLE_INVOKE",16247,16225,16497
16520,"REF_invokeInterface",87,16498,16520
16521,"REF_newInvokeSpecial",87,16498,16521
16522,"REF_invokeSpecial",87,16498,16522
16523,"REF_invokeStatic",87,16498,16523
16524,"REF_invokeVirtual",87,16498,16524
16525,"REF_putStatic",87,16498,16525
16526,"REF_putField",87,16498,16526
16527,"REF_getStatic",87,16498,16527
16528,"REF_getField",87,16498,16528
16581,"length",87,16580,16581
16584,"STRONG",16544,16544,16584
16585,"NESTMATE",16544,16544,16585
16799,"LOOKASIDE_TABLE",16795,10856,16799
16800,"PUBLIC_LOOKUP",10856,10856,16800
16801,"IMPL_LOOKUP",10856,10856,16801
16802,"ORIGINAL",87,10856,16802
16803,"UNCONDITIONAL",87,10856,16803
16804,"MODULE",87,10856,16804
16805,"PACKAGE",87,10856,16805
16806,"PROTECTED",87,10856,16806
16807,"PRIVATE",87,10856,16807
16808,"PUBLIC",87,10856,16808
17062,"IMPL_NAMES",15871,16588,17062
17211,"NO_PTYPES",9476,11964,17211
17213,"internTable",17212,11964,17213
17214,"MAX_MH_INVOKER_ARITY",87,11964,17214
17215,"MAX_MH_ARITY",87,11964,17215
17216,"MAX_JVM_ARITY",87,11964,17216
17249,"UNWRAP",87,17205,17249
17250,"WRAP",87,17205,17250
17251,"ERASE",87,17205,17251
17252,"LF_LIMIT",87,17205,17252
17253,"LF_COLLECTOR",87,17205,17253
17254,"LF_VH_GEN_LINKER",87,17205,17254
17255,"LF_VH_GEN_INVOKER",87,17205,17255
17256,"LF_VH_EX_INVOKER",87,17205,17256
17257,"LF_INVNATIVE",87,17205,17257
17258,"LF_INVSPECIAL_IFC",87,17205,17258
17259,"LF_LOOP",87,17205,17259
17260,"LF_TF",87,17205,17260
17261,"LF_GWT",87,17205,17261
17262,"LF_GWC",87,17205,17262
17263,"LF_MH_LINKER",87,17205,17263
17264,"LF_CS_LINKER",87,17205,17264
17265,"LF_GEN_INVOKER",87,17205,17265
17266,"LF_GEN_LINKER",87,17205,17266
17267,"LF_EX_INVOKER",87,17205,17267
17268,"LF_EX_LINKER",87,17205,17268
17269,"LF_DELEGATE_BLOCK_INLINING",87,17205,17269
17270,"LF_DELEGATE",87,17205,17270
17271,"LF_REBIND",87,17205,17271
17272,"LF_INTERPRET",87,17205,17272
17273,"LF_INVSTATIC_INIT",87,17205,17273
17274,"LF_INVINTERFACE",87,17205,17274
17275,"LF_NEWINVSPECIAL",87,17205,17275
17276,"LF_INVSPECIAL",87,17205,17276
17277,"LF_INVSTATIC",87,17205,17277
17278,"LF_INVVIRTUAL",87,17205,17278
17279,"lambdaForms",17288,17205,17279
17282,"length",87,17281,17282
17289,"length",87,17288,17289
17291,"MH_LIMIT",87,17205,17291
17292,"MH_UNINIT_CS",87,17205,17292
17293,"MH_NF_INV",87,17205,17293
17294,"MH_BASIC_INV",87,17205,17294
17295,"methodHandles",17298,17205,17295
17299,"length",87,17298,17299
17301,"basicType",11964,17205,17301
17302,"erasedType",11964,17205,17302
17303,"primitiveCount",7463,17205,17303
17304,"parameterSlotCount",7463,17205,17304
17318,"length",87,17317,17318
17345,"methodType_V_table",17317,17311,17345
17347,"memberName_table",17348,17311,17347
17349,"length",87,17348,17349
17352,"methodType_table",17317,17311,17352
17354,"implClass",3285,17311,17354
17361,"mode",87,15319,17361
17362,"type",87,15319,17362
17363,"returnType",3285,15319,17363
17364,"symbolicMethodTypeInvoker",11964,15319,17364
17365,"symbolicMethodTypeErased",11964,15319,17365
17366,"symbolicMethodTypeExact",11964,15319,17366
17401,"length",87,17400,17401
17404,"at",17405,15345,17404
17406,"methodName",157,15345,17406
17407,"COUNT",87,15345,17407
17408,"GET_AND_BITWISE_XOR_ACQUIRE",15345,15345,17408
17409,"GET_AND_BITWISE_XOR_RELEASE",15345,15345,17409
17410,"GET_AND_BITWISE_XOR",15345,15345,17410
17411,"GET_AND_BITWISE_AND_ACQUIRE",15345,15345,17411
17412,"GET_AND_BITWISE_AND_RELEASE",15345,15345,17412
17413,"GET_AND_BITWISE_AND",15345,15345,17413
17414,"GET_AND_BITWISE_OR_ACQUIRE",15345,15345,17414
17415,"GET_AND_BITWISE_OR_RELEASE",15345,15345,17415
17416,"GET_AND_BITWISE_OR",15345,15345,17416
17417,"GET_AND_ADD_RELEASE",15345,15345,17417
17418,"GET_AND_ADD_ACQUIRE",15345,15345,17418
17419,"GET_AND_ADD",15345,15345,17419
17420,"GET_AND_SET_RELEASE",15345,15345,17420
17421,"GET_AND_SET_ACQUIRE",15345,15345,17421
17422,"GET_AND_SET",15345,15345,17422
17423,"WEAK_COMPARE_AND_SET_RELEASE",15345,15345,17423
17424,"WEAK_COMPARE_AND_SET_ACQUIRE",15345,15345,17424
17425,"WEAK_COMPARE_AND_SET",15345,15345,17425
17426,"WEAK_COMPARE_AND_SET_PLAIN",15345,15345,17426
17427,"COMPARE_AND_EXCHANGE_RELEASE",15345,15345,17427
17428,"COMPARE_AND_EXCHANGE_ACQUIRE",15345,15345,17428
17429,"COMPARE_AND_EXCHANGE",15345,15345,17429
17430,"COMPARE_AND_SET",15345,15345,17430
17431,"SET_OPAQUE",15345,15345,17431
17432,"GET_OPAQUE",15345,15345,17432
17433,"SET_RELEASE",15345,15345,17433
17434,"GET_ACQUIRE",15345,15345,17434
17435,"SET_VOLATILE",15345,15345,17435
17436,"GET_VOLATILE",15345,15345,17436
17437,"SET",15345,15345,17437
17438,"GET",15345,15345,17438
17474,"length",87,17473,17474
17477,"isMonomorphicInReturnType",88,17405,17477
17478,"returnType",3285,17405,17478
17479,"COUNT",87,17405,17479
17480,"GET_AND_UPDATE",17405,17405,17480
17481,"COMPARE_AND_EXCHANGE",17405,17405,17481
17482,"COMPARE_AND_SET",17405,17405,17482
17483,"SET",17405,17405,17483
17484,"GET",17405,17405,17484
17696,"methodHandleTable",16247,14127,17696
17698,"methodTypeTable",17317,14127,17698
17700,"exact",88,14127,17700
17701,"vform",17311,14127,17701
17858,"mainClass",157,17769,17858
17859,"rawVersionString",157,17769,17859
17860,"version",17778,17769,17860
17862,"provides",17861,17769,17862
17863,"uses",1942,17769,17863
17865,"opens",17864,17769,17865
17867,"exports",17866,17769,17867
17869,"requires",17868,17769,17869
17870,"packages",1942,17769,17870
17871,"automatic",88,17769,17871
17872,"open",88,17769,17872
17873,"modifiers",17851,17769,17873
17874,"strict",88,17769,17874
17875,"name",157,17769,17875
17907,"length",87,17906,17907
17910,"MANDATED",17815,17815,17910
17911,"SYNTHETIC",17815,17815,17911
17958,"length",87,17957,17958
17961,"MANDATED",17850,17850,17961
17962,"SYNTHETIC",17850,17850,17962
17963,"AUTOMATIC",17850,17850,17963
17964,"OPEN",17850,17850,17964
17996,"length",87,17995,17996
17999,"MANDATED",17796,17796,17999
18000,"SYNTHETIC",17796,17796,18000
18060,"length",87,18059,18060
18063,"MANDATED",17831,17831,18063
18064,"SYNTHETIC",17831,17831,18064
18065,"STATIC",17831,17831,18065
18066,"TRANSITIVE",17831,17831,18066
18175,"length",87,18174,18175
18180,"length",87,18179,18180
18253,"impl",18254,14440,18253
18327,"ENQUEUED",18326,10683,18327
18328,"NULL",18326,10683,18328
18396,"length",87,18395,18396
18410,"length",87,18409,18410
18446,"length",87,18445,18446
18453,"accessCheckCache",79,18375,18453
18454,"reflectionFactory",18455,18375,18454
18456,"override",88,18375,18456
18464,"length",87,18463,18464
18477,"length",87,18476,18477
18507,"length",87,18506,18507
18561,"length",87,18560,18561
18602,"length",87,18601,18602
18628,"length",87,18627,18628
18639,"length",87,18638,18639
18679,"length",87,18678,18679
18854,"DECLARED",87,15927,18854
18855,"PUBLIC",87,15927,18855
18909,"length",87,18908,18909
18945,"length",87,18944,18945
18959,"length",87,18958,18959
19106,"length",87,19105,19106
19229,"ROUND_UNNECESSARY",87,458,19229
19233,"ROUND_HALF_EVEN",87,458,19233
19237,"ROUND_HALF_DOWN",87,458,19237
19241,"ROUND_HALF_UP",87,458,19241
19245,"ROUND_FLOOR",87,458,19245
19249,"ROUND_CEILING",87,458,19249
19253,"ROUND_DOWN",87,458,19253
19257,"ROUND_UP",87,458,19257
19261,"TEN",458,458,19261
19262,"TWO",458,458,19262
19263,"ONE",458,458,19263
19264,"ZERO",458,458,19264
19265,"INFLATED",2854,458,19265
19359,"length",87,19358,19359
19425,"bnExpModThreshTable",132,19048,19425
19426,"TEN",19048,19048,19426
19427,"TWO",19048,19048,19427
19428,"ONE",19048,19048,19428
19429,"ZERO",19048,19048,19429
19430,"BURNIKEL_ZIEGLER_OFFSET",87,19048,19430
19431,"BURNIKEL_ZIEGLER_THRESHOLD",87,19048,19431
19432,"LONG_MASK",2854,19048,19432
19433,"mag",132,19048,19433
19434,"signum",87,19048,19434
19451,"roundingMode",19078,19082,19451
19452,"precision",87,19082,19452
19453,"DECIMAL128",19082,19082,19453
19454,"DECIMAL64",19082,19082,19454
19455,"DECIMAL32",19082,19082,19455
19456,"UNLIMITED",19082,19082,19456
19490,"length",87,19489,19490
19493,"oldMode",87,19078,19493
19494,"UNNECESSARY",19078,19078,19494
19495,"HALF_EVEN",19078,19078,19495
19496,"HALF_DOWN",19078,19078,19496
19497,"HALF_UP",19078,19078,19497
19498,"FLOOR",19078,19078,19498
19499,"CEILING",19078,19078,19499
19500,"DOWN",19078,19078,19500
19501,"UP",19078,19078,19501
19541,"family",87,19526,19541
19542,"address",87,19526,19542
19543,"hostName",157,19526,19543
19544,"originalHostName",157,19526,19544
19556,"length",87,19555,19556
19613,"PLATFORM_LOOKUP_POLICY",19614,11897,19613
19615,"impl",19616,11897,19615
19617,"holder",19526,11897,19617
19618,"IPv6",87,11897,19618
19619,"IPv4",87,11897,19619
19749,"length",87,19748,19749
19752,"SOCKS",19716,19716,19752
19753,"HTTP",19716,19716,19753
19754,"DIRECT",19716,19716,19754
19768,"NO_PROXY",19744,19744,19768
19772,"serialVersionUID",2854,19762,19772
19860,"serialVersionUID",2854,7615,19860
19972,"handlers",19963,7617,19972
19973,"handler",19877,7617,19973
19974,"serialVersionUID",2854,7617,19974
19975,"BUILTIN_HANDLERS_PREFIX",157,7617,19975
20082,"connected",88,19507,20082
20083,"ifModifiedSince",2854,19507,20083
20084,"useCaches",88,19507,20084
20085,"allowUserInteraction",88,19507,20085
20086,"doOutput",88,19507,20086
20087,"doInput",88,19507,20087
20088,"url",7617,19507,20088
20157,"IPV6_FIRST",87,19614,20157
20158,"IPV4_FIRST",87,19614,20158
20159,"IPV6",87,19614,20159
20160,"IPV4",87,19614,20160
20230,"segment",14147,14374,20230
20231,"address",2854,14374,20231
20232,"SPLITERATOR_CHARACTERISTICS",87,14374,20232
20233,"SCOPED_MEMORY_ACCESS",20234,14374,20233
20235,"UNSAFE",20236,14374,20235
20416,"nativeByteOrder",88,9938,20416
20417,"bigEndian",88,9938,20417
20418,"isReadOnly",88,9938,20418
20419,"offset",87,9938,20419
20420,"hb",7475,9938,20420
20426,"LITTLE_ENDIAN",14108,14108,20426
20427,"BIG_ENDIAN",14108,14108,20427
20577,"isReadOnly",88,8800,20577
20578,"offset",87,8800,20578
20579,"hb",7423,8800,20579
20691,"isReadOnly",88,20243,20691
20692,"offset",87,20243,20692
20693,"hb",14348,20243,20693
20805,"isReadOnly",88,20253,20805
20806,"offset",87,20253,20806
20807,"hb",14358,20253,20807
20919,"isReadOnly",88,20273,20919
20920,"offset",87,20273,20920
20921,"hb",132,20273,20921
21033,"isReadOnly",88,20263,21033
21034,"offset",87,20263,21034
21035,"hb",14353,20263,21035
21086,"SCOPED_MEMORY_ACCESS",20234,21036,21086
21198,"isReadOnly",88,20283,21198
21199,"offset",87,20283,21199
21200,"hb",14365,20283,21200
21291,"length",87,21290,21291
21305,"length",87,21304,21305
21314,"length",87,21313,21314
21350,"PRIVATE",21344,21344,21350
21351,"READ_WRITE",21344,21344,21351
21352,"READ_ONLY",21344,21344,21352
21420,"length",87,21419,21420
21717,"OVERFLOW",21612,21612,21717
21718,"UNDERFLOW",21612,21612,21718
21723,"REPORT",21628,21628,21723
21724,"REPLACE",21628,21628,21724
21725,"IGNORE",21628,21628,21725
21759,"length",87,21758,21759
21762,"EXECUTE",21726,21726,21762
21763,"WRITE",21726,21726,21763
21764,"READ",21726,21726,21764
21883,"length",87,21882,21883
21886,"NOFOLLOW_LINKS",21851,21851,21886
21914,"length",87,21913,21914
21921,"length",87,21920,21921
21930,"length",87,21929,21930
22142,"length",87,22141,22142
22250,"length",87,22249,22250
22260,"length",87,22259,22260
22330,"length",87,22329,22330
22335,"length",87,22334,22335
22392,"serialVersionUID",2854,22386,22392
22500,"length",87,22499,22500
22513,"key",22485,9574,22513
22653,"serialVersionUID",2854,22650,22653
22779,"INPUT_METHOD_SEGMENT",22763,22763,22779
22780,"READING",22763,22763,22780
22781,"LANGUAGE",22763,22763,22781
22821,"DONE",7422,22784,22821
22847,"beginIndex",87,22822,22847
22848,"endIndex",87,22822,22848
22849,"field",87,22822,22849
22881,"length",87,22880,22881
22925,"errorIndex",87,22892,22925
22926,"index",87,22892,22926
23036,"length",87,23035,23036
23039,"SUNDAY",22964,22964,23039
23040,"SATURDAY",22964,22964,23040
23041,"FRIDAY",22964,22964,23041
23042,"THURSDAY",22964,22964,23042
23043,"WEDNESDAY",22964,22964,23043
23044,"TUESDAY",22964,22964,23044
23045,"MONDAY",22964,22964,23045
23167,"ZERO",13120,13120,23167
23264,"MAX",22067,22067,23264
23265,"MIN",22067,22067,23265
23266,"EPOCH",22067,22067,23266
23450,"DAYS_0000_TO_1970",2854,23282,23450
23451,"EPOCH",23282,23282,23451
23452,"MAX",23282,23282,23452
23453,"MIN",23282,23282,23453
23766,"MAX",23315,23315,23766
23767,"MIN",23315,23315,23767
23898,"NANOS_PER_DAY",2854,23308,23898
23899,"NANOS_PER_HOUR",2854,23308,23899
23900,"NANOS_PER_MINUTE",2854,23308,23900
23901,"NANOS_PER_SECOND",2854,23308,23901
23902,"NANOS_PER_MILLI",2854,23308,23902
23903,"MICROS_PER_DAY",2854,23308,23903
23904,"MICROS_PER_SECOND",2854,23308,23904
23905,"MILLIS_PER_DAY",2854,23308,23905
23906,"MILLIS_PER_SECOND",2854,23308,23906
23907,"SECONDS_PER_DAY",87,23308,23907
23908,"SECONDS_PER_HOUR",87,23308,23908
23909,"SECONDS_PER_MINUTE",87,23308,23909
23910,"MINUTES_PER_DAY",87,23308,23910
23911,"MINUTES_PER_HOUR",87,23308,23911
23912,"HOURS_PER_DAY",87,23308,23912
23913,"NOON",23308,23308,23913
23914,"MIDNIGHT",23308,23308,23914
23915,"MAX",23308,23308,23915
23916,"MIN",23308,23308,23916
23982,"length",87,23981,23982
23985,"DECEMBER",23404,23404,23985
23986,"NOVEMBER",23404,23404,23986
23987,"OCTOBER",23404,23404,23987
23988,"SEPTEMBER",23404,23404,23988
23989,"AUGUST",23404,23404,23989
23990,"JULY",23404,23404,23990
23991,"JUNE",23404,23404,23991
23992,"MAY",23404,23404,23992
23993,"APRIL",23404,23404,23993
23994,"MARCH",23404,23404,23994
23995,"FEBRUARY",23404,23404,23995
23996,"JANUARY",23404,23404,23996
24170,"MAX",23196,23196,24170
24171,"MIN",23196,23196,24171
24299,"MAX",23317,23317,24299
24300,"MIN",23317,23317,24300
24375,"ZERO",23337,23337,24375
24412,"SHORT_IDS",1925,22940,24412
24471,"MAX",23195,23195,24471
24472,"MIN",23195,23195,24472
24473,"UTC",23195,23195,24473
25115,"INSTANCE",23410,23410,25115
25150,"length",87,25149,25150
25153,"CE",23408,23408,25153
25154,"BCE",23408,23408,25154
25173,"length",87,25172,25173
25176,"length",87,25175,25176
25203,"length",87,25202,25203
25257,"RFC_1123_DATE_TIME",23334,23334,25257
25258,"BASIC_ISO_DATE",23334,23334,25258
25259,"ISO_INSTANT",23334,23334,25259
25260,"ISO_WEEK_DATE",23334,23334,25260
25261,"ISO_ORDINAL_DATE",23334,23334,25261
25262,"ISO_DATE_TIME",23334,23334,25262
25263,"ISO_ZONED_DATE_TIME",23334,23334,25263
25264,"ISO_OFFSET_DATE_TIME",23334,23334,25264
25265,"ISO_LOCAL_DATE_TIME",23334,23334,25265
25266,"ISO_TIME",23334,23334,25266
25267,"ISO_OFFSET_TIME",23334,23334,25267
25268,"ISO_LOCAL_TIME",23334,23334,25268
25269,"ISO_DATE",23334,23334,25269
25270,"ISO_OFFSET_DATE",23334,23334,25270
25271,"ISO_LOCAL_DATE",23334,23334,25271
25533,"STANDARD",25217,25217,25533
25565,"length",87,25564,25565
25568,"SHORT",25242,25242,25568
25569,"MEDIUM",25242,25242,25569
25570,"LONG",25242,25242,25570
25571,"FULL",25242,25242,25571
25589,"dayPeriod",25297,25456,25589
25590,"excessDays",23337,25456,25590
25591,"leapSecond",88,25456,25591
25592,"chrono",23569,25456,25592
25593,"zoneNameType",87,25456,25593
25594,"zone",22940,25456,25594
25595,"fieldValues",24778,25456,25595
25627,"length",87,25626,25627
25630,"LENIENT",24789,24789,25630
25631,"SMART",24789,24789,25631
25632,"STRICT",24789,24789,25632
25668,"length",87,25667,25668
25671,"EXCEEDS_PAD",25402,25402,25671
25672,"NOT_NEGATIVE",25402,25402,25672
25673,"NEVER",25402,25402,25673
25674,"ALWAYS",25402,25402,25674
25675,"NORMAL",25402,25402,25675
25712,"length",87,25711,25712
25715,"NARROW_STANDALONE",23024,23024,25715
25716,"NARROW",23024,23024,25716
25717,"SHORT_STANDALONE",23024,23024,25717
25718,"SHORT",23024,23024,25718
25719,"FULL_STANDALONE",23024,23024,25719
25720,"FULL",23024,23024,25720
25775,"length",87,25774,25775
25778,"OFFSET_SECONDS",24779,24779,25778
25779,"INSTANT_SECONDS",24779,24779,25779
25780,"ERA",24779,24779,25780
25781,"YEAR",24779,24779,25781
25782,"YEAR_OF_ERA",24779,24779,25782
25783,"PROLEPTIC_MONTH",24779,24779,25783
25784,"MONTH_OF_YEAR",24779,24779,25784
25785,"ALIGNED_WEEK_OF_YEAR",24779,24779,25785
25786,"ALIGNED_WEEK_OF_MONTH",24779,24779,25786
25787,"EPOCH_DAY",24779,24779,25787
25788,"DAY_OF_YEAR",24779,24779,25788
25789,"DAY_OF_MONTH",24779,24779,25789
25790,"ALIGNED_DAY_OF_WEEK_IN_YEAR",24779,24779,25790
25791,"ALIGNED_DAY_OF_WEEK_IN_MONTH",24779,24779,25791
25792,"DAY_OF_WEEK",24779,24779,25792
25793,"AMPM_OF_DAY",24779,24779,25793
25794,"CLOCK_HOUR_OF_DAY",24779,24779,25794
25795,"HOUR_OF_DAY",24779,24779,25795
25796,"CLOCK_HOUR_OF_AMPM",24779,24779,25796
25797,"HOUR_OF_AMPM",24779,24779,25797
25798,"MINUTE_OF_DAY",24779,24779,25798
25799,"MINUTE_OF_HOUR",24779,24779,25799
25800,"SECOND_OF_DAY",24779,24779,25800
25801,"SECOND_OF_MINUTE",24779,24779,25801
25802,"MILLI_OF_DAY",24779,24779,25802
25803,"MILLI_OF_SECOND",24779,24779,25803
25804,"MICRO_OF_DAY",24779,24779,25804
25805,"MICRO_OF_SECOND",24779,24779,25805
25806,"NANO_OF_DAY",24779,24779,25806
25807,"NANO_OF_SECOND",24779,24779,25807
25855,"length",87,25854,25855
25858,"FOREVER",25808,25808,25858
25859,"ERAS",25808,25808,25859
25860,"MILLENNIA",25808,25808,25860
25861,"CENTURIES",25808,25808,25861
25862,"DECADES",25808,25808,25862
25863,"YEARS",25808,25808,25863
25864,"MONTHS",25808,25808,25864
25865,"WEEKS",25808,25808,25865
25866,"DAYS",25808,25808,25866
25867,"HALF_DAYS",25808,25808,25867
25868,"HOURS",25808,25808,25868
25869,"MINUTES",25808,25808,25869
25870,"SECONDS",25808,25808,25870
25871,"MILLIS",25808,25808,25871
25872,"MICROS",25808,25808,25872
25873,"NANOS",25808,25808,25873
26090,"length",87,26089,26090
26093,"STANDARD",26053,26053,26093
26094,"WALL",26053,26053,26094
26095,"UTC",26053,26053,26095
26532,"length",87,26531,26532
26687,"length",87,26686,26687
26866,"length",87,26865,26866
26882,"length",87,26881,26882
26984,"length",87,26983,26984
27000,"length",87,26999,27000
27009,"length",87,27008,27009
27012,"length",87,27011,27012
27022,"length",87,27021,27022
27025,"length",87,27024,27025
27040,"length",87,27039,27040
27043,"length",87,27042,27043
27192,"length",87,27191,27192
27202,"length",87,27201,27202
27230,"length",87,27229,27230
27239,"length",87,27238,27239
27266,"length",87,27265,27266
27277,"length",87,27276,27277
27334,"length",87,27333,27334
27373,"length",87,27372,27373
27377,"length",87,27376,27377
27389,"length",87,27388,27389
27422,"length",87,27421,27422
27426,"length",87,27425,27426
27437,"length",87,27436,27437
27517,"length",87,27516,27517
27533,"length",87,27532,27533
27637,"length",87,27636,27637
27651,"length",87,27650,27651
27760,"length",87,27759,27760
27773,"length",87,27772,27773
27784,"length",87,27783,27784
27797,"length",87,27796,27797
27814,"length",87,27813,27814
27827,"length",87,27826,27827
27842,"length",87,27841,27842
27845,"length",87,27844,27845
27857,"length",87,27856,27857
27860,"length",87,27859,27860
27991,"length",87,27990,27991
28197,"length",87,28196,28197
29087,"length",87,29086,29087
29090,"length",87,29089,29090
29106,"length",87,29105,29106
29109,"length",87,29108,29109
29249,"length",87,29248,29249
29254,"universe",29248,12163,29254
29255,"elementType",29245,12163,29255
29585,"length",87,29584,29585
29588,"extensionsKey",157,29553,29588
29589,"variantKey",157,29553,29589
29590,"countryKey",157,29553,29590
29591,"scriptKey",157,29553,29591
29592,"languageKey",157,29553,29592
29593,"FORMAT",29553,29553,29593
29594,"DISPLAY",29553,29553,29594
29627,"length",87,29626,29627
29630,"REJECT_EXTENDED_RANGES",29595,29595,29630
29631,"MAP_EXTENDED_RANGES",29595,29595,29631
29632,"IGNORE_EXTENDED_RANGES",29595,29595,29632
29633,"EXTENDED_FILTERING",29595,29595,29633
29634,"AUTOSELECT_FILTERING",29595,29595,29634
29670,"length",87,29669,29670
29673,"PART3",29635,29635,29673
29674,"PART1_ALPHA3",29635,29635,29674
29675,"PART1_ALPHA2",29635,29635,29675
29701,"MIN_WEIGHT",477,29676,29701
29702,"MAX_WEIGHT",477,29676,29702
29780,"length",87,29779,29780
29831,"serialVersionUID",2854,5223,29831
29832,"UNICODE_LOCALE_EXTENSION",7422,5223,29832
29833,"PRIVATE_USE_EXTENSION",7422,5223,29833
29834,"TAIWAN",5223,5223,29834
29835,"PRC",5223,5223,29835
29836,"CHINA",5223,5223,29836
29837,"CANADA_FRENCH",5223,5223,29837
29838,"CANADA",5223,5223,29838
29839,"US",5223,5223,29839
29840,"UK",5223,5223,29840
29841,"KOREA",5223,5223,29841
29842,"JAPAN",5223,5223,29842
29843,"ITALY",5223,5223,29843
29844,"GERMANY",5223,5223,29844
29845,"FRANCE",5223,5223,29845
29846,"TRADITIONAL_CHINESE",5223,5223,29846
29847,"SIMPLIFIED_CHINESE",5223,5223,29847
29848,"CHINESE",5223,5223,29848
29849,"KOREAN",5223,5223,29849
29850,"JAPANESE",5223,5223,29850
29851,"ITALIAN",5223,5223,29851
29852,"GERMAN",5223,5223,29852
29853,"FRENCH",5223,5223,29853
29854,"ENGLISH",5223,5223,29854
30907,"defaults",12904,12904,30907
31030,"serialVersionUID",2854,6798,31030
31075,"TTL_NO_EXPIRATION_CONTROL",2854,31033,31075
31076,"TTL_DONT_CACHE",2854,31033,31076
31077,"FORMAT_PROPERTIES",1909,31033,31077
31078,"FORMAT_CLASS",1909,31033,31078
31079,"FORMAT_DEFAULT",1909,31033,31079
31142,"parent",12829,12829,31142
31372,"SUBSIZED",87,970,31372
31373,"CONCURRENT",87,970,31373
31374,"IMMUTABLE",87,970,31374
31375,"NONNULL",87,970,31375
31376,"SIZED",87,970,31376
31377,"SORTED",87,970,31377
31378,"DISTINCT",87,970,31378
31379,"ORDERED",87,970,31379
31528,"next",10558,10558,31528
31529,"hash",87,10558,31529
31530,"value",31505,10558,31530
31703,"length",87,31702,31703
31722,"map",31716,31636,31722
31884,"next",31850,31850,31884
31885,"val",31854,31850,31885
31886,"key",31853,31850,31886
31887,"hash",87,31850,31887
32359,"length",87,32358,32359
32363,"length",87,32362,32363
32366,"length",87,32365,32366
32492,"length",87,32491,32492
32503,"length",87,32502,32503
32515,"length",87,32514,32515
32526,"table",32362,9794,32526
32527,"NCPU",87,9794,32527
32528,"HASH_BITS",87,9794,32528
32529,"RESERVED",87,9794,32529
32530,"TREEBIN",87,9794,32530
32531,"MOVED",87,9794,32531
32532,"MIN_TREEIFY_CAPACITY",87,9794,32532
32533,"UNTREEIFY_THRESHOLD",87,9794,32533
32534,"TREEIFY_THRESHOLD",87,9794,32534
32535,"MAX_ARRAY_SIZE",87,9794,32535
32738,"length",87,32737,32738
32741,"CANCELLED",32706,32706,32741
32742,"FAILED",32706,32706,32742
32743,"SUCCESS",32706,32706,32743
32744,"RUNNING",32706,32706,32744
32830,"length",87,32829,32830
32833,"DAYS",22013,22013,32833
32834,"HOURS",22013,22013,32834
32835,"MINUTES",22013,22013,32835
32836,"SECONDS",22013,22013,32836
32837,"MILLISECONDS",22013,22013,32837
32838,"MICROSECONDS",22013,22013,32838
32839,"NANOSECONDS",22013,22013,32839
33433,"length",87,33432,33433
33436,"IDENTITY_FINISH",33400,33400,33436
33437,"UNORDERED",33400,33400,33437
33438,"CONCURRENT",33400,33400,33438
33979,"length",87,33978,33979
34065,"length",87,34064,34065
34280,"privCredentials",22616,22456,34280
34281,"pubCredentials",22616,22456,34281
34282,"principals",34206,22456,34282
34465,"session",14332,34358,34465
34466,"readOnly",88,34358,34466
34467,"length",2854,34358,34467
34468,"nioAccess",34291,34358,34468
34469,"NONCE",2854,34358,34469
34479,"CLOSED_LIST",34470,34470,34479
34480,"next",34470,34470,34480
34490,"fst",34470,34473,34490
34542,"WRONG_THREAD",34543,20176,34542
34544,"ALREADY_CLOSED",34543,20176,34544
34545,"GLOBAL",20176,20176,34545
34546,"MAX_FORKS",87,20176,34546
34547,"STATE",14127,20176,34547
34548,"state",87,20176,34548
34549,"CLOSED",87,20176,34549
34550,"CLOSING",87,20176,34550
34551,"OPEN",87,20176,34551
34552,"owner",2797,20176,34552
34553,"cleanable",7685,20176,34553
34554,"resourceList",34473,20176,34554
34593,"length",87,34592,34593
34596,"TEST",12954,12954,34596
34597,"RECORD_PATTERNS",12954,12954,34597
34598,"SWITCH_PATTERN_MATCHING",12954,12954,34598
34645,"serialVersionUID",2854,34543,34645
37576,"ADDRESS_SIZE",87,20236,37576
37577,"ARRAY_OBJECT_INDEX_SCALE",87,20236,37577
37578,"ARRAY_DOUBLE_INDEX_SCALE",87,20236,37578
37579,"ARRAY_FLOAT_INDEX_SCALE",87,20236,37579
37580,"ARRAY_LONG_INDEX_SCALE",87,20236,37580
37581,"ARRAY_INT_INDEX_SCALE",87,20236,37581
37582,"ARRAY_CHAR_INDEX_SCALE",87,20236,37582
37583,"ARRAY_SHORT_INDEX_SCALE",87,20236,37583
37584,"ARRAY_BYTE_INDEX_SCALE",87,20236,37584
37585,"ARRAY_BOOLEAN_INDEX_SCALE",87,20236,37585
37586,"ARRAY_OBJECT_BASE_OFFSET",87,20236,37586
37587,"ARRAY_DOUBLE_BASE_OFFSET",87,20236,37587
37588,"ARRAY_FLOAT_BASE_OFFSET",87,20236,37588
37589,"ARRAY_LONG_BASE_OFFSET",87,20236,37589
37590,"ARRAY_INT_BASE_OFFSET",87,20236,37590
37591,"ARRAY_CHAR_BASE_OFFSET",87,20236,37591
37592,"ARRAY_SHORT_BASE_OFFSET",87,20236,37592
37593,"ARRAY_BYTE_BASE_OFFSET",87,20236,37593
37594,"ARRAY_BOOLEAN_BASE_OFFSET",87,20236,37594
37595,"INVALID_FIELD_OFFSET",87,20236,37595
37704,"queue",18326,18254,37704
37708,"phantomCleanableList",37705,18254,37708
37748,"next",37705,7669,37748
37749,"prev",37705,7669,37749
37791,"length",87,37790,37791
37794,"INVALID",37759,37759,37794
37795,"INVOKEDYNAMIC",37759,37759,37795
37796,"METHODTYPE",37759,37759,37796
37797,"METHODHANDLE",37759,37759,37797
37798,"NAMEANDTYPE",37759,37759,37798
37799,"INTERFACEMETHODREF",37759,37759,37799
37800,"METHODREF",37759,37759,37800
37801,"FIELDREF",37759,37759,37801
37802,"STRING",37759,37759,37802
37803,"CLASS",37759,37759,37803
37804,"DOUBLE",37759,37759,37804
37805,"LONG",37759,37759,37805
37806,"FLOAT",37759,37759,37806
37807,"INTEGER",37759,37759,37807
37808,"UTF8",37759,37759,37808
38127,"SILVER_RATIO_64",2854,38044,38127
38128,"SILVER_RATIO_32",87,38044,38128
38129,"GOLDEN_RATIO_64",2854,38044,38129
38130,"GOLDEN_RATIO_32",87,38044,38130
38131,"BAD_RANGE",157,38044,38131
38132,"BAD_FLOATING_BOUND",157,38044,38132
38133,"BAD_BOUND",157,38044,38133
38134,"BAD_DISTANCE",157,38044,38134
38135,"BAD_SIZE",157,38044,38135
38169,"length",87,38168,38169
38172,"CRITICAL_SECTION",38136,38136,38172
38173,"MONITOR",38136,38136,38173
38174,"NATIVE",38136,38136,38174
38208,"length",87,38207,38208
38211,"pinned",38136,38175,38211
38212,"TRANSIENT_FAIL_PINNED_MONITOR",38175,38175,38212
38213,"TRANSIENT_FAIL_PINNED_NATIVE",38175,38175,38213
38214,"TRANSIENT_FAIL_PINNED_CRITICAL_SECTION",38175,38175,38214
38215,"PERM_FAIL_NOT_MOUNTED",38175,38175,38215
38216,"PERM_FAIL_YIELDING",38175,38175,38216
38217,"PERM_FAIL_UNSUPPORTED",38175,38175,38217
38218,"SUCCESS",38175,38175,38218
38268,"name",157,12101,38268
39260,"T_LONG",87,35707,39260
39261,"T_INT",87,35707,39261
39262,"T_SHORT",87,35707,39262
39263,"T_BYTE",87,35707,39263
39264,"T_DOUBLE",87,35707,39264
39265,"T_FLOAT",87,35707,39265
39266,"MODE_BITS_COERCED_LONG_TO_MASK",87,35707,39266
39267,"MODE_BROADCAST",87,35707,39267
39268,"BT_ugt",87,35707,39268
39269,"BT_ult",87,35707,39269
39270,"BT_uge",87,35707,39270
39271,"BT_ule",87,35707,39271
39272,"BT_unsigned_compare",87,35707,39272
39273,"BT_no_overflow",87,35707,39273
39274,"BT_overflow",87,35707,39274
39275,"BT_gt",87,35707,39275
39276,"BT_lt",87,35707,39276
39277,"BT_ge",87,35707,39277
39278,"BT_le",87,35707,39278
39279,"BT_ne",87,35707,39279
39280,"BT_eq",87,35707,39280
39281,"VECTOR_OP_HYPOT",87,35707,39281
39282,"VECTOR_OP_EXPM1",87,35707,39282
39283,"VECTOR_OP_EXP",87,35707,39283
39284,"VECTOR_OP_POW",87,35707,39284
39285,"VECTOR_OP_LOG1P",87,35707,39285
39286,"VECTOR_OP_LOG10",87,35707,39286
39287,"VECTOR_OP_LOG",87,35707,39287
39288,"VECTOR_OP_CBRT",87,35707,39288
39289,"VECTOR_OP_ATAN2",87,35707,39289
39290,"VECTOR_OP_ATAN",87,35707,39290
39291,"VECTOR_OP_ACOS",87,35707,39291
39292,"VECTOR_OP_ASIN",87,35707,39292
39293,"VECTOR_OP_COSH",87,35707,39293
39294,"VECTOR_OP_COS",87,35707,39294
39295,"VECTOR_OP_SINH",87,35707,39295
39296,"VECTOR_OP_SIN",87,35707,39296
39297,"VECTOR_OP_TANH",87,35707,39297
39298,"VECTOR_OP_TAN",87,35707,39298
39299,"VECTOR_OP_EXPAND_BITS",87,35707,39299
39300,"VECTOR_OP_COMPRESS_BITS",87,35707,39300
39301,"VECTOR_OP_REVERSE_BYTES",87,35707,39301
39302,"VECTOR_OP_REVERSE",87,35707,39302
39303,"VECTOR_OP_LZ_COUNT",87,35707,39303
39304,"VECTOR_OP_TZ_COUNT",87,35707,39304
39305,"VECTOR_OP_MASK_COMPRESS",87,35707,39305
39306,"VECTOR_OP_EXPAND",87,35707,39306
39307,"VECTOR_OP_COMPRESS",87,35707,39307
39308,"VECTOR_OP_RROTATE",87,35707,39308
39309,"VECTOR_OP_LROTATE",87,35707,39309
39310,"VECTOR_OP_MASK_TOLONG",87,35707,39310
39311,"VECTOR_OP_MASK_LASTTRUE",87,35707,39311
39312,"VECTOR_OP_MASK_FIRSTTRUE",87,35707,39312
39313,"VECTOR_OP_MASK_TRUECOUNT",87,35707,39313
39314,"VECTOR_OP_REINTERPRET",87,35707,39314
39315,"VECTOR_OP_UCAST",87,35707,39315
39316,"VECTOR_OP_CAST",87,35707,39316
39317,"VECTOR_OP_URSHIFT",87,35707,39317
39318,"VECTOR_OP_RSHIFT",87,35707,39318
39319,"VECTOR_OP_LSHIFT",87,35707,39319
39320,"VECTOR_OP_FMA",87,35707,39320
39321,"VECTOR_OP_XOR",87,35707,39321
39322,"VECTOR_OP_OR",87,35707,39322
39323,"VECTOR_OP_AND",87,35707,39323
39324,"VECTOR_OP_MAX",87,35707,39324
39325,"VECTOR_OP_MIN",87,35707,39325
39326,"VECTOR_OP_DIV",87,35707,39326
39327,"VECTOR_OP_MUL",87,35707,39327
39328,"VECTOR_OP_SUB",87,35707,39328
39329,"VECTOR_OP_ADD",87,35707,39329
39330,"VECTOR_OP_BIT_COUNT",87,35707,39330
39331,"VECTOR_OP_SQRT",87,35707,39331
39332,"VECTOR_OP_NEG",87,35707,39332
39333,"VECTOR_OP_ABS",87,35707,39333
39502,"length",87,39501,39502
39505,"COUNT",87,15409,39505
39506,"VOID",15409,15409,39506
39507,"OBJECT",15409,15409,39507
39508,"DOUBLE",15409,15409,39508
39509,"FLOAT",15409,15409,39509
39510,"LONG",15409,15409,39510
39511,"INT",15409,15409,39511
39512,"CHAR",15409,15409,39512
39513,"SHORT",15409,15409,39513
39514,"BYTE",15409,15409,39514
39515,"BOOLEAN",15409,15409,39515
39562,"length",87,39561,39562
39616,"EMPTY_TYPE_VARS",18638,39596,39616
39703,"length",87,39702,39703
39709,"length",87,39708,39709
39776,"length",87,39775,39776
39802,"length",87,39801,39802
40043,"SEP",157,29757,40043
40044,"NUM_CONSTANTS",788,29757,40044
40045,"ROOT",788,29757,40045
40046,"CANADA_FRENCH",788,29757,40046
40047,"CANADA",788,29757,40047
40048,"US",788,29757,40048
40049,"UK",788,29757,40049
40050,"KOREA",788,29757,40050
40051,"JAPAN",788,29757,40051
40052,"ITALY",788,29757,40052
40053,"GERMANY",788,29757,40053
40054,"FRANCE",788,29757,40054
40055,"TRADITIONAL_CHINESE",788,29757,40055
40056,"SIMPLIFIED_CHINESE",788,29757,40056
40057,"CHINESE",788,29757,40057
40058,"KOREAN",788,29757,40058
40059,"JAPANESE",788,29757,40059
40060,"ITALIAN",788,29757,40060
40061,"GERMAN",788,29757,40061
40062,"FRENCH",788,29757,40062
40063,"ENGLISH",788,29757,40063
40064,"constantBaseLocales",40065,29757,40064
40066,"length",87,40065,40066
40209,"PRIVUSE_VARIANT_PREFIX",157,40116,40209
40210,"UNDETERMINED",157,40116,40210
40211,"PRIVATEUSE",157,40116,40211
40212,"SEP",157,40116,40212
40244,"NUMBER_THAI",29755,29755,40244
40245,"CALENDAR_JAPANESE",29755,29755,40245
40262,"errorMsg",157,40205,40262
40263,"errorIndex",87,40205,40263
40264,"parseLength",87,40205,40264
