"ID of id","ID of file","beginLine","beginColumn","endLine","endColumn"
8,0,0,0,0,0
15,0,5,19,5,24
16,0,5,5,5,39
19,0,7,14,7,25
20,0,7,5,7,35
23,0,8,17,8,26
24,0,8,5,8,39
27,0,9,14,9,26
28,0,9,5,9,36
32,0,12,32,12,34
33,0,12,9,12,58
36,0,13,32,13,34
37,0,13,9,13,58
40,0,14,39,14,44
41,0,14,9,14,75
42,0,11,5,15,18
45,0,18,9,18,64
49,0,20,22,20,27
50,0,20,13,20,37
53,0,21,25,21,30
54,0,21,13,21,43
57,0,22,22,22,26
58,0,22,13,22,36
59,0,19,9,23,22
60,0,17,5,24,20
61,0,2,1,26,11
62,0,2,1,4,109
67,63,0,0,0,0
70,63,1,14,1,28
73,72,0,0,0,0
76,63,1,14,1,28
78,63,1,14,1,28
82,63,2,17,2,20
84,63,2,24,4,5
86,63,2,12,2,15
90,63,5,20,5,25
92,63,5,42,7,5
94,63,5,12,5,18
96,63,5,28,5,32
98,63,5,28,5,30
100,63,5,35,5,39
102,63,5,35,5,37
104,63,6,9,6,20
106,63,6,16,6,19
108,63,6,16,6,16
110,63,6,19,6,19
112,111,0,0,0,0
115,111,1,1,1,24
117,111,3,14,3,46
120,111,3,14,3,46
122,111,3,14,3,46
124,111,4,17,4,20
126,111,4,23,10,5
128,111,4,12,4,15
130,111,5,9,5,29
139,111,5,9,5,13
141,111,5,15,5,28
143,111,5,9,5,29
145,111,5,22,5,28
147,111,5,22,5,28
149,111,5,23,5,23
151,111,5,25,5,25
153,111,5,27,5,27
155,111,6,9,6,41
158,111,6,9,6,14
160,111,6,16,6,40
162,111,6,9,6,41
164,111,6,26,6,40
166,111,6,26,6,29
169,111,7,9,7,39
171,111,7,9,7,11
173,111,7,13,7,38
175,111,7,9,7,39
177,111,7,24,7,38
179,111,7,24,7,27
182,111,8,9,8,47
184,111,8,9,8,14
186,111,8,16,8,46
188,111,8,9,8,47
190,111,8,26,8,46
192,111,8,26,8,31
195,111,8,42,8,45
197,111,9,9,9,45
199,111,9,9,9,11
201,111,9,13,9,44
203,111,9,9,9,45
205,111,9,24,9,44
207,111,9,24,9,29
210,111,9,40,9,43
212,111,5,9,5,11
214,111,6,42,6,56
216,111,6,44,6,56
218,111,7,40,7,54
220,111,7,42,7,54
222,221,0,0,0,0
224,221,1,1,1,24
226,221,3,14,3,27
229,221,3,14,3,27
231,221,3,14,3,27
233,221,4,17,4,20
235,221,4,23,11,5
237,221,4,12,4,15
239,221,5,9,5,33
241,221,5,9,5,13
243,221,5,15,5,32
245,221,5,9,5,33
247,221,5,23,5,32
249,221,5,27,5,29
251,221,5,31,5,31
253,221,6,9,6,41
258,221,6,9,6,17
260,221,6,19,6,40
262,221,6,9,6,41
264,221,6,27,6,40
266,221,6,31,6,37
268,221,6,39,6,39
270,221,7,9,7,45
272,221,8,9,8,45
274,221,9,9,9,51
276,221,10,9,10,51
278,221,5,9,5,11
280,221,6,9,6,15
282,221,7,9,7,44
285,221,7,9,7,18
288,221,7,28,7,43
291,221,7,9,7,14
294,221,7,28,7,32
296,221,8,9,8,44
298,221,8,9,8,18
300,221,8,28,8,43
302,221,8,9,8,14
304,221,8,28,8,32
306,221,9,9,9,50
308,221,9,9,9,18
310,221,9,28,9,49
312,221,9,9,9,14
314,221,9,28,9,33
316,221,9,44,9,48
318,221,10,9,10,50
320,221,10,9,10,18
322,221,10,28,10,49
324,221,10,9,10,14
326,221,10,28,10,33
329,221,10,44,10,48
331,221,7,54,7,68
333,221,7,56,7,68
335,221,8,54,8,68
337,221,8,56,8,68
339,221,9,55,9,70
341,221,9,57,9,70
343,221,10,55,10,70
345,221,10,57,10,70
347,346,0,0,0,0
349,346,1,14,1,27
352,346,1,14,1,27
354,346,1,14,1,27
356,346,2,17,2,20
358,346,2,23,14,5
360,346,2,12,2,15
362,346,3,9,3,18
364,346,3,9,3,11
366,346,3,13,3,17
368,346,3,9,3,18
370,346,3,17,3,17
372,346,4,9,4,25
375,346,4,9,4,15
377,346,4,17,4,24
379,346,4,9,4,25
382,346,4,21,4,24
384,346,5,9,5,26
386,346,5,9,5,15
388,346,5,17,5,25
390,346,5,9,5,26
392,346,5,21,5,25
394,346,6,9,6,25
397,346,6,9,6,15
399,346,6,17,6,24
401,346,6,9,6,25
403,346,6,21,6,24
405,346,7,9,7,14
407,346,8,9,8,14
409,346,9,9,9,17
411,346,10,9,10,17
413,346,12,9,12,27
415,346,13,9,13,17
417,346,7,9,7,13
419,346,7,9,7,9
421,346,7,13,7,13
423,346,8,9,8,13
425,346,8,9,8,9
427,346,8,13,8,13
429,346,9,9,9,16
431,346,9,9,9,9
433,346,9,13,9,16
435,346,10,9,10,16
437,346,10,9,10,9
439,346,10,13,10,16
441,346,12,9,12,26
443,346,12,9,12,9
445,346,12,13,12,26
447,346,12,14,12,20
449,346,12,23,12,26
451,346,13,9,13,16
453,346,13,9,13,9
455,346,13,13,13,16
457,456,0,0,0,0
460,456,1,1,1,28
462,456,3,14,3,49
465,456,3,14,3,49
467,456,3,14,3,49
469,456,4,17,4,20
471,456,4,23,12,5
473,456,4,12,4,15
475,456,5,9,5,23
478,456,5,9,5,14
480,456,5,16,5,22
482,456,5,9,5,23
484,456,5,20,5,22
486,456,6,9,6,23
489,456,6,9,6,13
491,456,6,15,6,22
493,456,6,9,6,23
495,456,6,19,6,22
497,456,7,9,7,43
499,456,7,9,7,18
501,456,7,20,7,42
503,456,7,9,7,43
505,456,7,26,7,42
507,456,7,30,7,39
509,456,7,41,7,41
512,456,8,9,8,45
514,456,8,9,8,18
516,456,8,20,8,44
518,456,8,9,8,45
520,456,8,26,8,44
522,456,8,30,8,39
524,456,8,41,8,43
526,456,9,9,9,43
528,456,9,9,9,18
530,456,9,20,9,42
532,456,9,9,9,43
534,456,9,26,9,42
536,456,9,30,9,39
538,456,9,41,9,41
540,456,10,9,10,47
542,456,10,9,10,18
544,456,10,20,10,46
546,456,10,9,10,47
548,456,10,26,10,46
550,456,10,26,10,35
553,456,10,45,10,45
555,456,11,9,11,49
557,456,11,9,11,18
559,456,11,20,11,48
561,456,11,9,11,49
563,456,11,26,11,48
565,456,11,26,11,35
567,456,11,45,11,47
569,456,7,46,7,51
571,456,7,48,7,51
573,456,8,48,8,53
575,456,8,50,8,53
577,456,9,46,9,51
579,456,9,48,9,51
581,456,10,49,10,55
583,456,10,51,10,55
585,456,11,51,11,57
587,456,11,53,11,57
589,588,0,0,0,0
591,588,1,14,1,30
594,588,1,14,1,30
596,588,1,14,1,30
598,588,2,17,2,23
600,588,2,31,27,5
602,588,2,12,2,15
604,588,2,25,2,29
606,588,2,25,2,27
608,588,3,9,3,30
610,588,3,9,3,15
612,588,3,17,3,29
614,588,3,9,3,30
616,588,3,25,3,29
618,588,4,9,4,22
620,588,4,9,4,11
622,588,4,13,4,21
624,588,4,9,4,22
626,588,4,21,4,21
628,588,6,9,6,26
630,588,9,9,9,18
632,588,12,9,12,27
634,588,15,9,15,19
636,588,18,9,18,23
638,588,21,9,21,22
640,588,24,9,24,23
642,588,6,13,6,25
644,588,6,27,8,9
646,588,6,13,6,17
648,588,6,22,6,25
650,588,7,13,7,68
652,588,7,13,7,67
654,588,7,13,7,22
656,588,7,32,7,66
658,588,7,13,7,18
660,588,9,13,9,17
662,588,9,19,11,9
664,588,10,13,10,72
666,588,10,13,10,71
668,588,10,13,10,22
670,588,10,32,10,70
672,588,10,13,10,18
674,588,12,13,12,26
676,588,12,28,14,9
678,588,12,13,12,17
680,588,12,22,12,26
682,588,13,13,13,68
684,588,13,13,13,67
686,588,13,13,13,22
688,588,13,32,13,66
690,588,13,13,13,18
692,588,15,13,15,18
694,588,15,20,17,9
696,588,15,14,15,18
698,588,16,13,16,72
700,588,16,13,16,71
702,588,16,13,16,22
704,588,16,32,16,70
706,588,16,13,16,18
708,588,18,13,18,22
710,588,18,24,20,9
712,588,18,13,18,17
714,588,18,21,18,22
716,588,19,13,19,72
718,588,19,13,19,71
720,588,19,13,19,22
722,588,19,32,19,70
724,588,19,13,19,18
726,588,21,13,21,21
728,588,21,23,23,9
730,588,21,13,21,17
732,588,21,21,21,21
734,588,22,13,22,72
736,588,22,13,22,71
738,588,22,13,22,22
740,588,22,32,22,70
742,588,22,13,22,18
744,588,24,13,24,22
746,588,24,24,26,9
748,588,24,13,24,17
750,588,24,22,24,22
752,588,25,13,25,72
754,588,25,13,25,71
756,588,25,13,25,22
758,588,25,32,25,70
760,588,25,13,25,18
762,761,0,0,0,0
764,761,1,14,1,27
767,761,1,14,1,27
769,761,1,14,1,27
774,761,2,24,2,27
776,761,2,44,12,5
778,761,2,19,2,22
780,761,2,29,2,41
782,761,2,29,2,36
784,761,2,29,2,34
786,761,3,9,3,19
789,761,3,9,3,12
791,761,3,14,3,18
793,761,3,9,3,19
795,761,3,18,3,18
797,761,4,9,4,18
799,761,4,9,4,11
801,761,4,13,4,17
803,761,4,9,4,18
805,761,4,17,4,17
807,761,5,9,5,35
809,761,6,9,6,34
811,761,7,9,7,21
813,761,7,9,7,12
815,761,7,14,7,20
817,761,7,9,7,21
819,761,7,19,7,20
821,761,7,20,7,20
823,761,8,9,8,38
825,761,9,9,9,38
827,761,10,9,10,36
829,761,11,9,11,35
831,761,5,9,5,34
833,761,5,9,5,18
836,761,5,28,5,33
838,761,5,9,5,14
840,761,5,28,5,28
842,761,5,33,5,33
844,761,6,9,6,33
846,761,6,9,6,18
849,761,6,28,6,32
851,761,6,9,6,14
853,761,6,28,6,28
855,761,6,32,6,32
857,761,8,9,8,37
859,761,8,9,8,18
861,761,8,28,8,36
863,761,8,9,8,14
865,761,8,28,8,29
867,761,8,34,8,36
869,761,9,9,9,37
871,761,9,9,9,18
873,761,9,28,9,36
875,761,9,9,9,14
877,761,9,28,9,29
879,761,9,34,9,36
881,761,10,9,10,35
883,761,10,9,10,18
885,761,10,28,10,34
887,761,10,9,10,14
889,761,10,28,10,28
891,761,10,33,10,34
893,761,11,9,11,34
895,761,11,9,11,18
897,761,11,28,11,33
899,761,11,9,11,14
901,761,11,28,11,28
903,761,11,33,11,33
905,904,0,0,0,0
908,904,1,1,1,27
910,904,3,14,3,33
913,904,3,14,3,33
915,904,3,14,3,33
917,904,4,17,4,20
919,904,4,23,21,5
921,904,4,12,4,15
923,904,5,9,5,49
933,927,0,0,0,0
937,936,0,0,0,0
941,940,0,0,0,0
945,944,0,0,0,0
951,949,0,0,0,0
956,955,0,0,0,0
958,904,5,9,5,26
960,904,5,28,5,48
962,904,5,9,5,49
964,904,5,32,5,48
966,904,5,36,5,46
972,971,0,0,0,0
986,984,0,0,0,0
1000,999,0,0,0,0
1010,1008,0,0,0,0
1014,1013,0,0,0,0
1049,1048,0,0,0,0
1088,1087,0,0,0,0
1327,1326,0,0,0,0
1378,1377,0,0,0,0
1389,1388,0,0,0,0
1393,1392,0,0,0,0
1761,904,6,9,6,18
1763,904,6,13,6,17
1765,904,6,9,6,18
1767,904,6,17,6,17
1769,904,7,9,7,17
1771,904,8,9,8,17
1773,904,9,9,9,17
1775,904,10,9,10,24
1777,904,13,9,13,17
1779,904,14,9,14,26
1781,904,17,9,17,26
1783,904,20,9,20,42
1785,904,5,19,5,25
1787,904,7,9,7,16
1789,904,7,9,7,9
1791,904,7,15,7,15
1793,904,8,9,8,16
1795,904,8,9,8,9
1797,904,8,15,8,15
1799,904,9,9,9,16
1801,904,9,9,9,9
1803,904,9,15,9,15
1805,904,10,13,10,23
1807,904,10,25,12,9
1809,904,10,13,10,13
1811,904,11,13,11,39
1813,904,11,13,11,38
1815,904,11,13,11,22
1817,904,11,32,11,37
1819,904,11,13,11,18
1821,904,13,9,13,16
1823,904,13,9,13,9
1825,904,13,15,13,15
1827,904,14,13,14,25
1829,904,14,27,16,9
1831,904,14,13,14,20
1833,904,14,25,14,25
1835,904,14,13,14,13
1837,904,15,13,15,39
1839,904,15,13,15,38
1841,904,15,13,15,22
1843,904,15,32,15,37
1845,904,15,13,15,18
1847,904,17,13,17,25
1849,904,17,27,19,9
1851,904,17,13,17,20
1853,904,17,25,17,25
1855,904,17,13,17,13
1857,904,18,13,18,38
1859,904,18,13,18,37
1861,904,18,13,18,22
1863,904,18,32,18,36
1865,904,18,13,18,18
1867,904,20,9,20,41
1869,904,20,9,20,18
1871,904,20,28,20,40
1873,904,20,9,20,14
1875,904,20,28,20,35
1877,904,20,40,20,40
1879,904,20,28,20,28
1881,1880,0,0,0,0
1884,1880,1,1,1,29
1886,1880,2,1,2,22
1889,1880,3,1,3,21
1892,1880,4,1,4,21
1894,1880,6,14,6,47
1897,1880,6,14,6,47
1899,1880,6,14,6,47
1901,1880,7,17,7,20
1903,1880,7,23,14,5
1905,1880,7,12,7,15
1907,1880,8,9,8,58
1912,1880,8,9,8,20
1914,1880,8,22,8,57
1916,1880,8,9,8,58
1918,1880,8,36,8,57
1920,1880,8,36,8,46
1923,1880,9,9,9,64
1927,1926,0,0,0,0
1928,1880,9,9,9,27
1930,1880,9,29,9,63
1932,1880,9,9,9,64
1935,1880,9,43,9,63
1937,1880,9,43,9,53
1940,1880,10,9,10,56
1944,1943,0,0,0,0
1945,1880,10,9,10,19
1947,1880,10,21,10,55
1949,1880,10,9,10,56
1952,1880,10,35,10,55
1954,1880,10,35,10,45
1957,1880,11,9,11,60
1959,1880,11,9,11,20
1961,1880,11,22,11,59
1963,1880,11,9,11,60
1965,1880,11,37,11,59
1967,1880,11,37,11,47
1970,1880,12,9,12,66
1972,1880,12,9,12,27
1974,1880,12,29,12,65
1976,1880,12,9,12,66
1978,1880,12,44,12,65
1980,1880,12,44,12,54
1983,1880,13,9,13,58
1985,1880,13,9,13,19
1987,1880,13,21,13,57
1989,1880,13,9,13,58
1991,1880,13,36,13,57
1993,1880,13,36,13,46
1996,1880,8,14,8,19
1998,1880,9,13,9,18
2000,1880,9,21,9,26
2002,1880,10,13,10,18
2004,1880,11,14,11,19
2006,1880,12,13,12,18
2008,1880,12,21,12,26
2010,1880,13,13,13,18
2012,1880,8,69,8,73
2014,1880,8,71,8,73
2016,1880,9,69,9,73
2018,1880,9,71,9,73
2020,1880,10,69,10,73
2022,1880,10,71,10,73
2024,1880,11,69,11,74
2026,1880,11,71,11,74
2028,1880,12,69,12,74
2030,1880,12,71,12,74
2032,1880,13,69,13,74
2034,1880,13,71,13,74
2036,2035,0,0,0,0
2038,2035,1,14,1,42
2041,2035,1,14,1,42
2043,2035,1,14,1,42
2045,2035,2,16,2,24
2047,2035,2,33,4,5
2049,2035,2,12,2,14
2051,2035,2,26,2,30
2053,2035,2,26,2,28
2055,2035,3,9,3,33
2057,2035,3,16,3,32
2059,2035,3,16,3,22
2062,2035,5,16,5,25
2064,2035,5,34,7,5
2066,2035,5,12,5,14
2068,2035,5,27,5,31
2070,2035,5,27,5,29
2072,2035,6,9,6,18
2074,2035,6,16,6,17
2076,2035,6,17,6,17
2078,2035,8,16,8,25
2080,2035,8,34,13,5
2082,2035,8,12,8,14
2084,2035,8,27,8,31
2086,2035,8,27,8,29
2088,2035,9,9,9,18
2090,2035,9,13,9,17
2092,2035,10,13,10,37
2094,2035,12,13,12,22
2096,2035,9,13,9,13
2098,2035,9,17,9,17
2100,2035,10,20,10,36
2102,2035,10,20,10,26
2104,2035,12,20,12,21
2106,2035,12,21,12,21
2108,2035,3,35,3,40
2110,2035,3,37,3,40
2112,2035,6,20,6,26
2114,2035,6,22,6,26
2116,2035,10,39,10,44
2118,2035,10,41,10,44
2120,2035,12,24,12,30
2122,2035,12,26,12,30
2124,2123,0,0,0,0
2126,2123,1,14,1,31
2129,2123,1,14,1,31
2131,2123,1,14,1,31
2133,2123,2,17,2,23
2135,2123,2,31,28,5
2137,2123,2,12,2,15
2139,2123,2,25,2,29
2141,2123,2,25,2,27
2143,2123,3,9,3,30
2145,2123,3,9,3,15
2147,2123,3,17,3,29
2149,2123,3,9,3,30
2151,2123,3,25,3,29
2153,2123,4,9,4,22
2155,2123,4,9,4,11
2157,2123,4,13,4,21
2159,2123,4,9,4,22
2161,2123,4,21,4,21
2163,2123,6,9,6,35
2165,2123,9,9,9,35
2167,2123,12,9,12,46
2169,2123,16,9,16,27
2171,2123,19,9,19,23
2173,2123,22,9,22,22
2175,2123,25,9,25,23
2177,2123,6,13,6,34
2179,2123,6,36,8,9
2181,2123,6,13,6,26
2183,2123,6,31,6,34
2185,2123,6,14,6,20
2187,2123,6,22,6,26
2189,2123,7,13,7,68
2191,2123,7,13,7,67
2193,2123,7,13,7,22
2195,2123,7,32,7,66
2197,2123,7,13,7,18
2199,2123,9,13,9,34
2201,2123,9,36,11,9
2203,2123,9,13,9,26
2205,2123,9,31,9,34
2207,2123,9,14,9,20
2209,2123,9,22,9,26
2211,2123,10,13,10,69
2213,2123,10,13,10,68
2215,2123,10,13,10,22
2217,2123,10,32,10,67
2219,2123,10,13,10,18
2221,2123,12,13,12,45
2223,2123,12,47,14,9
2225,2123,12,13,12,26
2227,2123,12,39,12,45
2229,2123,12,14,12,20
2231,2123,12,22,12,26
2233,2123,13,13,13,68
2235,2123,13,13,13,67
2237,2123,13,13,13,22
2239,2123,13,32,13,66
2241,2123,13,13,13,18
2243,2123,16,13,16,26
2245,2123,16,28,18,9
2247,2123,16,13,16,17
2249,2123,16,22,16,26
2251,2123,17,13,17,72
2253,2123,17,13,17,71
2255,2123,17,13,17,22
2257,2123,17,32,17,70
2259,2123,17,13,17,18
2261,2123,19,13,19,22
2263,2123,19,24,21,9
2265,2123,19,13,19,17
2267,2123,19,21,19,22
2269,2123,20,13,20,72
2271,2123,20,13,20,71
2273,2123,20,13,20,22
2275,2123,20,32,20,70
2277,2123,20,13,20,18
2279,2123,22,13,22,21
2281,2123,22,23,24,9
2283,2123,22,13,22,17
2285,2123,22,21,22,21
2287,2123,23,13,23,72
2289,2123,23,13,23,71
2291,2123,23,13,23,22
2293,2123,23,32,23,70
2295,2123,23,13,23,18
2297,2123,25,13,25,22
2299,2123,25,24,27,9
2301,2123,25,13,25,17
2303,2123,25,22,25,22
2305,2123,26,13,26,72
2307,2123,26,13,26,71
2309,2123,26,13,26,22
2311,2123,26,32,26,70
2313,2123,26,13,26,18
2315,2314,0,0,0,0
2317,2314,1,14,1,23
2320,2314,1,14,1,23
2322,2314,1,14,1,23
2324,2314,2,16,2,18
2326,2314,2,22,9,5
2328,2314,2,12,2,14
2330,2314,3,7,3,30
2332,2314,3,11,3,29
2334,2314,3,7,3,30
2336,2314,3,15,3,29
2338,2314,3,15,3,21
2340,2314,3,26,3,29
2342,2314,3,15,3,16
2344,2314,3,20,3,21
2346,2314,4,7,4,13
2348,2314,5,7,5,21
2350,2314,6,7,6,15
2352,2314,7,7,7,16
2354,2314,8,7,8,15
2356,2314,4,11,4,12
2358,2314,4,15,4,23
2360,2314,4,12,4,12
2362,2314,4,22,4,22
2364,2314,5,11,5,20
2366,2314,5,23,5,31
2368,2314,5,11,5,15
2370,2314,5,20,5,20
2372,2314,5,30,5,30
2374,2314,6,11,6,14
2376,2314,6,17,6,25
2378,2314,6,24,6,24
2380,2314,7,11,7,15
2382,2314,7,18,7,26
2384,2314,7,25,7,25
2386,2314,8,14,8,14
2388,2387,0,0,0,0
2394,2391,0,0,0,0
2398,2387,1,14,1,27
2401,2387,1,14,1,27
2403,2387,1,14,1,27
2405,2387,2,24,2,27
2407,2387,2,44,2,46
2409,2387,2,19,2,22
2411,2387,2,29,2,41
2413,2387,2,29,2,36
2415,2387,2,29,2,34
2416,2387,4,17,4,19
2418,2387,4,23,4,25
2420,2387,4,12,4,15
2421,2387,6,25,6,27
2423,2387,6,31,6,33
2425,2387,6,20,6,23
2427,2387,8,23,8,25
2429,2387,8,29,8,41
2431,2387,8,19,8,21
2433,2387,8,31,8,39
2435,2387,8,38,8,38
2436,2387,10,19,10,21
2438,2387,10,25,10,39
2440,2387,10,12,10,17
2442,2387,10,27,10,37
2444,2387,10,34,10,36
2446,2445,0,0,0,0
2448,2445,1,14,1,34
2451,2445,1,14,1,34
2453,2445,1,14,1,34
2455,2445,5,17,5,30
2458,2445,5,34,5,35
2460,2445,5,12,5,15
2462,2445,7,17,7,30
2464,2445,7,39,7,40
2466,2445,7,12,7,15
2468,2445,7,32,7,36
2470,2445,7,32,7,34
2472,2445,12,20,12,21
2475,2445,12,25,12,26
2477,2445,12,15,12,18
2479,2445,14,20,14,21
2481,2445,14,25,14,26
2483,2445,14,15,14,18
2485,2445,19,5,19,28
2487,2445,19,15,19,21
2489,2445,19,23,19,27
2492,2445,21,5,21,37
2494,2445,21,12,21,17
2496,2445,21,19,21,36
2497,2445,2,5,4,6
2499,2445,3,7,3,24
2500,2445,9,5,11,6
2502,2445,10,7,10,35
2503,2445,16,5,18,6
2505,2445,17,7,17,22
2507,2506,0,0,0,0
2510,2506,3,1,3,27
2515,2513,0,0,0,0
2522,2506,5,14,5,38
2528,2506,6,5,6,46
2529,2506,6,5,6,46
2530,2506,6,5,6,46
2532,2506,6,29,6,45
2534,2506,6,33,6,43
2537,2506,5,14,5,38
2539,2506,5,14,5,38
2541,2506,5,14,5,38
2543,2506,5,14,5,38
2545,2506,6,5,6,46
2548,2506,6,15,6,21
2549,2506,6,5,6,22
2550,2506,6,24,6,25
2552,2506,7,5,7,13
2554,2506,7,5,7,7
2555,2506,7,9,7,12
2557,2506,8,5,8,13
2559,2506,8,5,8,7
2560,2506,8,9,8,12
2563,2506,9,5,9,12
2565,2506,9,5,9,7
2566,2506,9,9,9,11
2569,2506,10,5,10,12
2571,2506,10,5,10,7
2572,2506,10,9,10,11
2575,2506,11,5,11,14
2577,2506,11,5,11,7
2578,2506,11,9,11,13
2581,2506,12,5,12,14
2583,2506,12,5,12,7
2584,2506,12,9,12,13
2587,2506,14,17,14,25
2590,2506,14,33,22,5
2592,2506,14,12,14,15
2594,2506,14,27,14,31
2596,2506,14,27,14,29
2598,2506,15,9,15,18
2600,2506,16,9,16,17
2602,2506,17,9,17,18
2604,2506,18,9,18,17
2606,2506,19,9,19,18
2608,2506,20,9,20,16
2610,2506,21,9,21,16
2612,2506,15,9,15,17
2614,2506,15,9,15,10
2616,2506,15,16,15,16
2618,2506,16,9,16,16
2620,2506,16,9,16,12
2622,2506,16,16,16,16
2624,2506,17,9,17,17
2626,2506,17,9,17,13
2628,2506,17,17,17,17
2630,2506,18,9,18,16
2632,2506,18,9,18,12
2634,2506,18,16,18,16
2636,2506,19,9,19,17
2638,2506,19,9,19,13
2640,2506,19,17,19,17
2642,2506,20,9,20,15
2644,2506,20,9,20,11
2646,2506,20,15,20,15
2648,2506,21,9,21,15
2650,2506,21,9,21,11
2652,2506,21,15,21,15
2653,2506,7,17,7,30
2655,2506,7,19,7,30
2656,2506,8,17,8,30
2658,2506,8,19,8,30
2659,2506,9,17,9,30
2661,2506,9,19,9,30
2662,2506,10,17,10,30
2664,2506,10,19,10,30
2665,2506,11,17,11,34
2667,2506,11,19,11,34
2668,2506,12,17,12,34
2670,2506,12,19,12,34
2672,2506,15,21,15,34
2674,2506,15,23,15,34
2676,2506,16,21,16,34
2678,2506,16,23,16,34
2680,2506,17,21,17,38
2682,2506,17,23,17,38
2684,2506,18,21,18,34
2686,2506,18,23,18,34
2688,2506,19,21,19,38
2690,2506,19,23,19,38
2692,2506,20,21,20,34
2694,2506,20,23,20,34
2696,2506,21,21,21,34
2698,2506,21,23,21,34
2700,2699,0,0,0,0
2704,2703,0,0,0,0
2710,2699,1,14,1,32
2713,2699,1,14,1,32
2715,2699,1,14,1,32
2717,2699,2,5,2,13
2719,2699,2,5,2,7
2720,2699,2,9,2,12
2722,2699,3,5,3,13
2724,2699,3,5,3,7
2725,2699,3,9,3,12
2728,2699,4,5,4,12
2730,2699,4,5,4,7
2731,2699,4,9,4,11
2734,2699,5,5,5,12
2736,2699,5,5,5,7
2737,2699,5,9,5,11
2740,2699,6,5,6,14
2742,2699,6,5,6,7
2743,2699,6,9,6,13
2746,2699,7,5,7,14
2748,2699,7,5,7,7
2749,2699,7,9,7,13
2751,2699,2,17,2,30
2753,2699,2,19,2,30
2754,2699,3,17,3,30
2756,2699,3,19,3,30
2757,2699,4,17,4,30
2759,2699,4,19,4,30
2760,2699,5,17,5,30
2762,2699,5,19,5,30
2763,2699,6,17,6,34
2765,2699,6,19,6,34
2767,2699,7,17,7,34
2769,2699,7,19,7,34
2771,2770,0,0,0,0
2773,2770,1,14,1,27
2776,2770,1,14,1,27
2778,2770,1,14,1,27
2780,2770,2,24,2,27
2782,2770,2,61,18,5
2784,2770,2,19,2,22
2786,2770,2,29,2,41
2788,2770,2,29,2,36
2790,2770,2,29,2,34
2793,2770,2,51,2,59
2795,2770,3,9,14,11
2798,2770,3,9,3,14
2800,2770,3,16,14,10
2802,2770,3,9,14,11
2804,2770,3,20,14,10
2806,2770,3,24,3,29
2810,2809,0,0,0,0
2814,2770,3,31,14,9
2817,2770,3,35,3,42
2818,2770,3,35,3,42
2820,2770,3,35,3,42
2822,2770,3,35,3,42
2823,2770,4,25,4,27
2825,2770,4,31,13,13
2827,2770,4,20,4,23
2829,2770,5,17,12,17
2831,2770,5,21,10,17
2833,2770,10,19,10,48
2835,2770,6,21,6,55
2837,2770,7,21,7,39
2839,2770,8,21,8,51
2841,2770,9,21,9,50
2843,2770,6,21,6,54
2845,2770,6,21,6,30
2847,2770,6,40,6,53
2849,2770,6,21,6,26
2851,2770,7,21,7,38
2853,2770,7,21,7,26
2857,2770,7,34,7,37
2859,2770,8,21,8,50
2861,2770,8,21,8,30
2863,2770,8,40,8,49
2865,2770,8,21,8,26
2867,2770,9,21,9,49
2869,2770,9,21,9,42
2872,2770,9,21,9,26
2876,2770,10,47,10,47
2878,2770,10,26,10,47
2880,2770,10,26,10,45
2882,2770,10,50,12,17
2884,2770,11,21,11,40
2886,2770,11,21,11,39
2888,2770,11,21,11,21
2892,2770,15,9,15,18
2894,2770,16,9,16,27
2896,2770,17,9,17,17
2898,2770,15,9,15,17
2900,2770,15,9,15,9
2903,2770,16,9,16,26
2905,2770,16,9,16,14
2907,2770,16,22,16,25
2909,2770,17,9,17,16
2911,2770,17,9,17,9
2913,2912,0,0,0,0
2915,2912,1,14,1,31
2918,2912,1,14,1,31
2920,2912,1,14,1,31
2922,2912,2,17,2,20
2924,2912,3,5,12,5
2926,2912,2,12,2,15
2928,2912,4,9,4,16
2930,2912,4,9,4,11
2932,2912,4,13,4,15
2934,2912,4,9,4,16
2936,2912,4,15,4,15
2938,2912,5,9,5,17
2940,2912,5,9,5,11
2942,2912,5,13,5,16
2944,2912,5,9,5,17
2946,2912,5,15,5,16
2948,2912,6,9,6,14
2950,2912,6,9,6,11
2952,2912,6,13,6,13
2954,2912,6,9,6,14
2956,2912,7,9,7,16
2958,2912,8,9,8,30
2960,2912,9,9,9,12
2962,2912,10,9,10,12
2964,2912,11,9,11,12
2966,2912,7,9,7,15
2968,2912,7,9,7,9
2970,2912,7,11,7,15
2972,2912,7,11,7,13
2974,2912,7,15,7,15
2976,2912,7,11,7,11
2978,2912,7,13,7,13
2980,2912,8,9,8,29
2982,2912,8,9,8,18
2984,2912,8,28,8,28
2986,2912,8,9,8,14
2988,2912,9,9,9,11
2990,2912,9,9,9,9
2992,2912,9,11,9,11
2994,2912,10,9,10,11
2996,2912,10,9,10,9
2998,2912,10,11,10,11
3000,2912,11,9,11,11
3002,2912,11,9,11,9
3004,2912,11,11,11,11
3006,2912,9,17,9,37
3008,2912,9,19,9,37
3010,2912,10,16,10,37
3012,2912,10,18,10,37
3014,2912,11,16,11,37
3016,2912,11,18,11,37
3018,3017,0,0,0,0
3020,3017,1,14,1,29
3023,3017,1,14,1,29
3025,3017,1,14,1,29
3027,3017,2,20,2,23
3029,3017,2,26,8,5
3031,3017,2,12,2,18
3033,3017,3,9,3,27
3035,3017,3,9,3,14
3037,3017,3,16,3,26
3039,3017,3,9,3,27
3041,3017,3,20,3,26
3043,3017,4,9,4,25
3045,3017,5,9,5,30
3047,3017,6,9,6,24
3049,3017,6,13,6,23
3051,3017,6,9,6,24
3053,3017,6,17,6,23
3055,3017,7,9,7,28
3057,3017,4,13,4,24
3059,3017,4,26,4,27
3061,3017,4,13,4,13
3064,3017,4,22,4,23
3066,3017,5,13,5,29
3068,3017,5,31,5,32
3070,3017,5,13,5,13
3072,3017,5,22,5,28
3074,3017,7,16,7,27
3076,3017,7,16,7,16
3078,3017,7,25,7,26
3080,3079,0,0,0,0
3082,3079,1,14,1,25
3085,3079,1,14,1,25
3087,3079,1,14,1,25
3089,3079,2,17,2,19
3091,3079,2,23,11,5
3093,3079,2,12,2,15
3095,3079,3,9,3,25
3097,3079,3,9,3,15
3099,3079,3,17,3,24
3101,3079,3,9,3,25
3103,3079,3,21,3,24
3105,3079,4,9,4,18
3107,3079,4,9,4,11
3109,3079,4,13,4,17
3111,3079,4,9,4,18
3113,3079,4,17,4,17
3115,3079,5,9,5,27
3117,3079,5,13,5,26
3119,3079,5,9,5,27
3121,3079,5,18,5,26
3123,3079,5,18,5,18
3125,3079,5,23,5,26
3127,3079,6,9,6,28
3129,3079,6,13,6,27
3131,3079,6,9,6,28
3133,3079,6,18,6,27
3135,3079,6,18,6,18
3137,3079,6,23,6,27
3139,3079,7,9,7,27
3141,3079,7,13,7,26
3143,3079,7,9,7,27
3145,3079,7,18,7,26
3147,3079,7,18,7,18
3149,3079,7,23,7,26
3151,3079,8,9,8,24
3153,3079,8,13,8,23
3155,3079,8,9,8,24
3157,3079,8,18,8,23
3159,3079,8,18,8,18
3161,3079,8,23,8,23
3163,3079,9,9,9,23
3165,3079,9,13,9,22
3167,3079,9,9,9,23
3169,3079,9,18,9,22
3171,3079,9,18,9,18
3173,3079,9,22,9,22
3175,3079,10,9,10,32
3177,3079,10,13,10,31
3179,3079,10,9,10,32
3181,3079,10,18,10,31
3183,3079,10,19,10,25
3185,3079,10,28,10,31
3187,3186,0,0,0,0
3191,3190,0,0,0,0
3193,3186,1,7,1,12
3195,3186,1,7,1,12
3197,3186,1,7,1,12
3199,3186,2,5,2,12
3201,3186,2,5,2,7
3202,3186,2,9,2,11
3206,3205,0,0,0,0
3207,3186,5,7,5,9
3209,3186,5,19,5,24
3211,3186,5,7,5,9
3213,3186,5,7,5,9
3215,3186,6,20,6,25
3217,3186,6,39,8,5
3219,3186,6,12,6,18
3221,3186,6,27,6,36
3223,3186,6,27,6,32
3225,3186,7,9,7,37
3227,3186,7,16,7,36
3229,3186,7,16,7,18
3231,3186,7,23,7,36
3233,3186,7,24,7,31
3235,3186,7,25,7,27
3237,3186,7,29,7,31
3241,3240,0,0,0,0
3242,3186,11,7,11,9
3244,3186,11,19,11,24
3246,3186,11,7,11,9
3248,3186,11,7,11,9
3250,3186,12,20,12,25
3252,3186,12,39,17,5
3254,3186,12,12,12,18
3256,3186,12,27,12,36
3258,3186,12,27,12,32
3260,3186,13,9,13,56
3262,3186,16,9,16,37
3264,3186,13,13,13,55
3266,3186,13,58,15,9
3268,3186,13,13,13,23
3270,3186,13,28,13,55
3272,3186,13,13,13,15
3274,3186,13,20,13,23
3281,3280,0,0,0,0
3291,3289,0,0,0,0
3294,3186,13,28,13,37
3299,3186,13,42,13,55
3304,3186,13,42,13,44
3306,3186,14,13,14,25
3308,3186,14,20,14,24
3310,3186,16,16,16,36
3312,3186,16,16,16,18
3314,3186,16,23,16,36
3316,3186,16,24,16,31
3318,3186,16,25,16,27
3320,3186,16,29,16,31
3324,3323,0,0,0,0
3325,3186,20,7,20,11
3327,3186,20,21,20,26
3329,3186,20,7,20,11
3331,3186,20,7,20,11
3333,3186,21,20,21,25
3335,3186,21,39,26,5
3337,3186,21,12,21,18
3339,3186,21,27,21,36
3341,3186,21,27,21,32
3343,3186,22,9,22,51
3345,3186,25,9,25,39
3347,3186,22,13,22,50
3349,3186,22,53,24,9
3351,3186,22,13,22,23
3353,3186,22,28,22,50
3355,3186,22,13,22,15
3357,3186,22,20,22,23
3359,3186,22,30,22,49
3361,3186,22,30,22,32
3363,3186,22,45,22,49
3365,3186,23,13,23,25
3367,3186,23,20,23,24
3369,3186,25,16,25,38
3371,3186,25,16,25,18
3373,3186,25,23,25,38
3375,3186,25,24,25,33
3377,3186,25,25,25,29
3379,3186,25,31,25,33
3381,3186,7,40,7,54
3383,3186,7,42,7,54
3385,3186,13,62,13,92
3387,3186,13,64,13,92
3389,3186,22,57,22,87
3391,3186,22,59,22,87
3393,3392,0,0,0,0
3396,3392,1,1,1,49
3400,3399,0,0,0,0
3401,3392,3,14,3,41
3404,3392,3,14,3,41
3406,3392,3,14,3,41
3407,3392,4,10,4,12
3409,3392,4,16,13,5
3411,3392,4,5,4,8
3413,3392,5,9,5,51
3415,3392,5,9,5,21
3417,3392,5,23,5,50
3419,3392,5,9,5,51
3421,3392,5,31,5,50
3423,3392,5,35,5,47
3425,3392,5,49,5,49
3428,3392,6,9,6,51
3430,3392,6,9,6,21
3432,3392,6,23,6,50
3434,3392,6,9,6,51
3436,3392,6,31,6,50
3438,3392,6,35,6,47
3440,3392,6,49,6,49
3442,3392,7,9,7,46
3444,3392,7,9,7,15
3446,3392,7,17,7,45
3448,3392,7,9,7,46
3450,3392,7,27,7,45
3452,3392,7,27,7,31
3455,3392,7,40,7,44
3457,3392,8,9,8,38
3459,3392,9,9,9,45
3461,3392,10,9,10,22
3463,3392,10,9,10,15
3465,3392,10,17,10,21
3467,3392,10,9,10,22
3469,3392,10,21,10,21
3471,3392,11,9,11,22
3473,3392,11,9,11,15
3475,3392,11,17,11,21
3477,3392,11,9,11,22
3479,3392,11,21,11,21
3481,3392,12,9,12,30
3483,3392,8,9,8,37
3485,3392,8,9,8,15
3487,3392,8,19,8,37
3489,3392,8,19,8,23
3491,3392,8,32,8,36
3493,3392,9,9,9,44
3495,3392,9,9,9,15
3497,3392,9,19,9,44
3499,3392,9,19,9,29
3501,3392,9,34,9,44
3503,3392,9,19,9,23
3506,3392,9,34,9,38
3508,3392,12,9,12,29
3510,3392,12,9,12,15
3512,3392,12,19,12,29
3514,3392,12,19,12,19
3517,3392,12,28,12,28
3519,3392,7,48,7,62
3521,3392,7,50,7,62
3523,3392,9,47,9,61
3525,3392,9,49,9,61
3527,3526,0,0,0,0
3532,3531,0,0,0,0
3535,3526,1,14,1,26
3541,3526,2,5,2,25
3542,3526,2,5,2,25
3543,3526,2,5,2,25
3545,3526,2,20,2,24
3549,3526,3,5,3,25
3550,3526,3,5,3,25
3551,3526,3,5,3,25
3553,3526,3,15,3,24
3555,3526,3,19,3,21
3557,3526,3,23,3,23
3562,3526,4,5,4,20
3563,3526,4,5,4,20
3564,3526,4,5,4,20
3566,3526,4,16,4,19
3569,3526,1,14,1,26
3571,3526,1,14,1,26
3573,3526,1,14,1,26
3575,3526,1,14,1,26
3577,3526,2,5,2,25
3579,3526,2,5,2,11
3580,3526,2,13,2,16
3582,3526,3,5,3,25
3584,3526,3,5,3,7
3585,3526,3,9,3,11
3587,3526,4,5,4,20
3589,3526,4,5,4,7
3590,3526,4,9,4,12
3593,3592,0,0,0,0
3596,3526,7,7,7,9
3598,3526,8,5,8,10
3600,3526,8,5,8,7
3601,3526,8,9,8,9
3602,3526,9,5,9,7
3604,3526,9,17,11,5
3605,3526,9,10,9,14
3607,3526,9,10,9,12
3609,3526,9,5,9,7
3611,3526,10,9,10,14
3613,3526,10,9,10,13
3615,3526,10,9,10,9
3617,3526,10,13,10,13
3618,3526,3,28,3,58
3620,3526,3,30,3,58
3622,3621,0,0,0,0
3624,3621,1,14,1,28
3627,3621,1,14,1,28
3629,3621,1,14,1,28
3631,3621,2,25,2,28
3633,3621,2,32,7,5
3635,3621,2,19,2,23
3637,3621,3,9,3,27
3639,3621,3,9,3,14
3641,3621,3,16,3,26
3643,3621,3,9,3,27
3645,3621,3,20,3,26
3647,3621,4,9,4,29
3649,3621,4,9,4,13
3651,3621,4,15,4,28
3653,3621,4,9,4,29
3655,3621,4,20,4,28
3657,3621,4,21,4,25
3659,3621,4,28,4,28
3661,3621,5,9,5,32
3663,3621,5,13,5,31
3665,3621,5,9,5,32
3667,3621,5,18,5,31
3669,3621,5,19,5,23
3671,3621,5,26,5,31
3673,3621,6,9,6,29
3675,3621,6,16,6,28
3677,3621,6,17,6,21
3679,3621,6,24,6,28
3681,3680,0,0,0,0
3683,3680,1,14,1,29
3686,3680,1,14,1,29
3688,3680,1,14,1,29
3692,3691,0,0,0,0
3693,3680,2,18,2,27
3696,3680,2,18,2,27
3698,3680,2,18,2,27
3699,3680,3,22,3,25
3701,3680,3,29,5,9
3703,3680,3,17,3,20
3705,3680,4,13,4,40
3707,3680,4,13,4,39
3709,3680,4,13,4,22
3711,3680,4,32,4,38
3713,3680,4,13,4,18
3715,3680,7,17,7,20
3717,3680,7,24,9,5
3719,3680,7,12,7,15
3723,3722,0,0,0,0
3724,3680,12,7,12,19
3726,3680,12,7,12,19
3728,3680,12,7,12,19
3730,3729,0,0,0,0
3733,3729,1,1,1,19
3735,3729,3,14,3,35
3738,3729,3,14,3,35
3740,3729,3,14,3,35
3744,3729,4,5,4,11
3745,3729,5,17,5,18
3747,3729,5,21,7,5
3749,3729,5,12,5,15
3751,3729,6,9,6,33
3753,3729,6,9,6,32
3755,3729,6,9,6,18
3757,3729,6,28,6,31
3759,3729,6,9,6,14
3763,3729,9,5,9,9
3764,3729,10,17,10,21
3766,3729,10,24,12,5
3768,3729,10,12,10,15
3770,3729,11,9,11,33
3772,3729,11,9,11,32
3774,3729,11,9,11,18
3776,3729,11,28,11,31
3778,3729,11,9,11,14
3781,3729,14,5,14,9
3782,3729,15,17,15,21
3784,3729,15,24,17,5
3786,3729,15,12,15,15
3788,3729,16,9,16,33
3790,3729,16,9,16,32
3792,3729,16,9,16,18
3794,3729,16,28,16,31
3796,3729,16,9,16,14
3800,3729,19,5,19,15
3801,3729,20,17,20,18
3803,3729,20,21,22,5
3805,3729,20,12,20,15
3807,3729,21,9,21,33
3809,3729,21,9,21,32
3811,3729,21,9,21,18
3813,3729,21,28,21,31
3815,3729,21,9,21,14
3819,3729,24,5,24,11
3820,3729,25,17,25,21
3822,3729,25,24,27,5
3824,3729,25,12,25,15
3826,3729,26,9,26,33
3828,3729,26,9,26,32
3830,3729,26,9,26,18
3832,3729,26,28,26,31
3834,3729,26,9,26,14
3836,3835,0,0,0,0
3838,3835,1,14,1,28
3841,3835,1,14,1,28
3843,3835,1,14,1,28
3845,3835,2,17,2,20
3847,3835,2,23,11,5
3849,3835,2,12,2,15
3851,3835,3,9,3,29
3853,3835,3,9,3,15
3855,3835,3,17,3,28
3857,3835,3,9,3,29
3859,3835,3,24,3,28
3861,3835,4,9,4,22
3863,3835,4,9,4,15
3865,3835,4,17,4,21
3867,3835,4,9,4,22
3869,3835,4,21,4,21
3871,3835,5,9,5,25
3873,3835,6,9,6,25
3875,3835,7,9,7,26
3877,3835,8,9,8,22
3879,3835,9,9,9,22
3881,3835,10,9,10,19
3883,3835,5,13,5,24
3885,3835,5,26,5,27
3887,3835,5,13,5,16
3889,3835,5,21,5,24
3891,3835,6,13,6,24
3893,3835,6,26,6,27
3895,3835,6,13,6,16
3897,3835,6,21,6,24
3899,3835,7,13,7,25
3901,3835,7,27,7,28
3903,3835,7,13,7,16
3905,3835,7,21,7,25
3907,3835,8,13,8,21
3909,3835,8,23,8,24
3911,3835,8,13,8,13
3913,3835,8,18,8,21
3915,3835,9,13,9,21
3917,3835,9,23,9,24
3919,3835,9,13,9,16
3921,3835,9,21,9,21
3923,3835,10,13,10,18
3925,3835,10,20,10,21
3927,3835,10,13,10,13
3929,3835,10,18,10,18
3931,3835,5,29,5,34
3933,3835,5,31,5,34
3935,3835,6,29,6,34
3937,3835,6,31,6,34
3939,3835,8,26,8,31
3941,3835,8,28,8,31
3943,3835,9,26,9,31
3945,3835,9,28,9,31
3947,3946,0,0,0,0
3949,3946,1,1,1,27
3951,3946,2,1,2,22
3953,3946,4,14,4,28
3956,3946,4,14,4,28
3958,3946,4,14,4,28
3960,3946,5,24,5,27
3962,3946,5,44,20,5
3964,3946,5,19,5,22
3966,3946,5,29,5,41
3968,3946,5,29,5,36
3970,3946,5,29,5,34
3972,3946,6,9,6,35
3974,3946,11,9,11,18
3976,3946,11,9,11,11
3978,3946,11,13,11,17
3980,3946,11,9,11,18
3982,3946,11,17,11,17
3984,3946,12,9,12,21
3986,3946,17,9,17,25
3988,3946,6,14,6,16
3990,3946,6,18,6,22
3992,3946,6,14,6,22
3994,3946,6,22,6,22
3996,3946,6,25,6,29
3998,3946,6,32,6,34
4000,3946,6,37,9,9
4002,3946,6,25,6,25
4004,3946,6,29,6,29
4006,3946,6,32,6,32
4008,3946,7,13,7,27
4010,3946,7,17,7,26
4012,3946,8,17,8,38
4014,3946,7,17,7,21
4016,3946,7,26,7,26
4018,3946,7,17,7,17
4020,3946,7,21,7,21
4022,3946,8,17,8,37
4024,3946,8,17,8,26
4026,3946,8,36,8,36
4028,3946,8,17,8,22
4030,3946,12,16,12,20
4032,3946,12,23,15,9
4034,3946,12,16,12,16
4036,3946,12,20,12,20
4038,3946,13,13,13,16
4040,3946,14,13,14,34
4042,3946,13,13,13,15
4044,3946,13,15,13,15
4046,3946,14,13,14,33
4048,3946,14,13,14,22
4050,3946,14,32,14,32
4052,3946,14,13,14,18
4054,3946,17,18,17,18
4056,3946,17,14,17,18
4058,3946,17,21,17,24
4060,3946,17,27,19,9
4062,3946,18,13,18,34
4064,3946,18,13,18,33
4066,3946,18,13,18,22
4068,3946,18,32,18,32
4070,3946,18,13,18,18
4072,3946,12,60,12,82
4074,3946,12,62,12,82
4076,3946,17,57,17,77
4078,3946,17,59,17,77
4080,4079,0,0,0,0
4082,4079,1,14,1,33
4085,4079,1,14,1,33
4087,4079,1,14,1,33
4089,4079,2,17,2,20
4091,4079,2,23,9,5
4093,4079,2,12,2,15
4095,4079,3,9,3,30
4097,4079,3,9,3,13
4099,4079,3,15,3,29
4101,4079,3,9,3,30
4103,4079,3,19,3,29
4105,4079,4,9,4,23
4107,4079,4,9,4,13
4109,4079,4,15,4,22
4111,4079,4,9,4,23
4113,4079,4,19,4,22
4115,4079,5,9,5,25
4117,4079,5,9,5,13
4119,4079,5,15,5,24
4121,4079,5,9,5,25
4123,4079,5,20,5,24
4125,4079,5,20,5,20
4127,4079,5,24,5,24
4129,4079,6,9,6,24
4131,4079,6,9,6,14
4133,4079,6,16,6,23
4135,4079,6,9,6,24
4137,4079,6,20,6,23
4139,4079,7,9,7,28
4141,4079,7,9,7,14
4143,4079,7,16,7,27
4145,4079,7,9,7,28
4147,4079,7,21,7,27
4149,4079,7,21,7,21
4151,4079,7,25,7,27
4153,4079,8,9,8,32
4155,4079,8,9,8,13
4157,4079,8,15,8,31
4159,4079,8,9,8,32
4161,4079,8,19,8,31
4163,4079,8,19,8,19
4165,4079,8,23,8,31
4167,4079,8,24,8,28
4169,4079,8,31,8,31
4171,4079,5,27,5,116
4173,4079,5,29,5,116
4175,4174,0,0,0,0
4179,4178,0,0,0,0
4180,4174,1,7,1,13
4182,4174,1,7,1,13
4184,4174,1,7,1,13
4186,4174,2,17,2,19
4188,4174,2,23,2,24
4190,4174,2,12,2,15
4194,4193,0,0,0,0
4195,4174,5,7,5,10
4197,4174,5,20,5,26
4199,4174,5,7,5,10
4201,4174,5,7,5,10
4203,4174,6,17,6,19
4205,4174,6,23,8,5
4207,4174,6,12,6,15
4209,4174,7,9,7,32
4211,4174,7,9,7,31
4213,4174,7,9,7,18
4215,4174,7,28,7,30
4217,4174,7,9,7,14
4221,4220,0,0,0,0
4222,4174,11,7,11,10
4224,4174,11,20,11,26
4226,4174,11,7,11,10
4228,4174,11,7,11,10
4232,4174,12,5,12,13
4233,4174,13,17,13,19
4235,4174,13,23,15,5
4237,4174,13,12,13,15
4239,4174,14,9,14,32
4241,4174,14,9,14,31
4243,4174,14,9,14,18
4245,4174,14,28,14,30
4247,4174,14,9,14,14
4249,4248,0,0,0,0
4253,4252,0,0,0,0
4254,4248,1,7,1,23
4256,4248,1,7,1,23
4258,4248,1,7,1,23
4260,4248,2,17,2,19
4262,4248,2,23,8,5
4264,4248,2,12,2,15
4266,4248,3,9,3,22
4268,4248,3,13,3,21
4270,4248,3,9,3,22
4272,4248,3,17,3,21
4274,4248,4,9,4,19
4276,4248,4,13,4,18
4278,4248,4,9,4,19
4280,4248,4,17,4,18
4282,4248,5,9,5,42
4284,4248,5,9,5,14
4286,4248,5,16,5,25
4288,4248,5,9,5,26
4290,4248,5,21,5,25
4292,4248,5,21,5,21
4294,4248,5,25,5,25
4296,4248,5,28,5,41
4298,4248,5,9,5,42
4300,4248,5,33,5,41
4302,4248,5,33,5,36
4304,4248,5,40,5,41
4306,4248,6,9,6,22
4308,4248,6,13,6,21
4310,4248,6,9,6,22
4312,4248,6,17,6,21
4314,4248,6,17,6,17
4316,4248,6,21,6,21
4318,4248,7,9,7,26
4320,4248,7,13,7,25
4322,4248,7,9,7,26
4324,4248,7,17,7,25
4326,4248,7,17,7,17
4328,4248,7,21,7,25
4330,4329,0,0,0,0
4334,4333,0,0,0,0
4340,4329,1,14,1,28
4343,4329,1,14,1,28
4345,4329,1,14,1,28
4347,4329,2,24,2,27
4349,4329,2,44,4,5
4351,4329,2,19,2,22
4353,4329,2,29,2,41
4355,4329,2,29,2,36
4357,4329,2,29,2,34
4359,4329,3,9,3,33
4361,4329,3,9,3,32
4363,4329,3,9,3,18
4365,4329,3,28,3,31
4367,4329,3,9,3,14
4370,4329,3,30,3,30
4371,4329,6,23,6,23
4373,4329,6,32,12,5
4375,4329,6,19,6,21
4377,4329,6,25,6,29
4379,4329,6,25,6,27
4381,4329,7,9,7,19
4383,4329,7,13,7,18
4385,4329,7,21,9,9
4387,4329,9,16,11,9
4389,4329,7,13,7,13
4391,4329,7,18,7,18
4393,4329,8,13,8,21
4395,4329,8,20,8,20
4397,4329,10,13,10,28
4399,4329,10,20,10,27
4402,4329,10,22,10,26
4404,4329,10,22,10,22
4406,4329,10,26,10,26
4407,4329,14,23,14,23
4409,4329,14,32,20,5
4411,4329,14,19,14,21
4413,4329,14,25,14,29
4415,4329,14,25,14,27
4417,4329,15,9,15,19
4419,4329,15,13,15,18
4421,4329,15,21,17,9
4423,4329,17,16,19,9
4425,4329,15,13,15,13
4427,4329,15,18,15,18
4429,4329,16,13,16,21
4431,4329,16,20,16,20
4433,4329,18,13,18,28
4435,4329,18,20,18,27
4437,4329,18,22,18,26
4439,4329,18,22,18,22
4441,4329,18,26,18,26
4442,4329,22,12,22,12
4444,4329,22,33,25,5
4446,4329,22,5,22,10
4447,4329,22,14,22,18
4449,4329,22,14,22,16
4450,4329,22,21,22,30
4452,4329,22,21,22,26
4454,4329,23,9,23,19
4456,4329,24,9,24,39
4458,4329,23,13,23,18
4460,4329,23,21,23,31
4462,4329,23,13,23,13
4464,4329,23,18,23,18
4466,4329,23,28,23,30
4468,4329,24,16,24,38
4470,4329,24,18,24,22
4472,4329,24,25,24,37
4474,4329,24,18,24,18
4476,4329,24,22,24,22
4478,4329,24,25,24,27
4480,4329,24,31,24,37
4482,4329,24,31,24,33
4484,4329,24,37,24,37
4485,4329,27,12,27,12
4487,4329,27,33,30,5
4489,4329,27,5,27,10
4490,4329,27,14,27,18
4492,4329,27,14,27,16
4493,4329,27,21,27,30
4495,4329,27,21,27,26
4497,4329,28,9,28,19
4499,4329,29,9,29,39
4501,4329,28,13,28,18
4503,4329,28,21,28,31
4505,4329,28,13,28,13
4507,4329,28,18,28,18
4509,4329,28,28,28,30
4511,4329,29,16,29,38
4513,4329,29,18,29,22
4515,4329,29,25,29,37
4517,4329,29,18,29,18
4519,4329,29,22,29,22
4521,4329,29,25,29,27
4523,4329,29,31,29,37
4525,4329,29,31,29,33
4527,4329,29,37,29,37
4529,4528,0,0,0,0
4532,4528,1,1,1,25
4534,4528,3,14,3,42
4537,4528,3,14,3,42
4539,4528,3,14,3,42
4541,4528,5,17,5,20
4543,4528,5,23,11,5
4545,4528,5,12,5,15
4547,4528,6,9,6,32
4549,4528,6,9,6,14
4551,4528,6,16,6,31
4553,4528,6,9,6,32
4555,4528,6,20,6,31
4557,4528,6,24,6,29
4559,4528,7,9,7,32
4561,4528,7,9,7,14
4563,4528,7,16,7,31
4565,4528,7,9,7,32
4567,4528,7,20,7,31
4569,4528,7,24,7,29
4571,4528,8,9,8,29
4573,4528,9,9,9,29
4575,4528,10,9,10,48
4577,4528,8,9,8,28
4579,4528,8,9,8,15
4582,4528,8,24,8,24
4584,4528,8,27,8,27
4586,4528,9,9,9,28
4588,4528,9,9,9,15
4590,4528,9,24,9,24
4592,4528,9,27,9,27
4594,4528,10,9,10,47
4596,4528,10,9,10,18
4598,4528,10,28,10,46
4600,4528,10,9,10,14
4602,4528,10,28,10,34
4605,4528,10,45,10,45
4607,4606,0,0,0,0
4609,4606,1,14,1,30
4612,4606,1,14,1,30
4614,4606,1,14,1,30
4616,4606,2,17,2,20
4618,4606,2,24,10,5
4620,4606,2,12,2,15
4622,4606,3,9,3,27
4624,4606,3,9,3,14
4626,4606,3,16,3,26
4628,4606,3,9,3,27
4630,4606,3,20,3,26
4632,4606,3,20,3,22
4634,4606,3,26,3,26
4636,4606,4,9,4,27
4638,4606,4,9,4,14
4640,4606,4,16,4,26
4642,4606,4,9,4,27
4644,4606,4,20,4,26
4646,4606,4,20,4,20
4648,4606,4,24,4,26
4650,4606,5,9,5,31
4652,4606,5,9,5,14
4654,4606,5,16,5,30
4656,4606,5,9,5,31
4658,4606,5,20,5,30
4660,4606,5,20,5,22
4662,4606,5,26,5,30
4664,4606,7,9,7,25
4666,4606,7,13,7,24
4668,4606,7,9,7,25
4670,4606,7,18,7,24
4672,4606,7,18,7,18
4674,4606,7,22,7,24
4676,4606,8,9,8,21
4678,4606,8,13,8,20
4680,4606,8,9,8,21
4682,4606,8,18,8,20
4684,4606,8,18,8,18
4686,4606,8,20,8,20
4688,4606,9,9,9,22
4690,4606,9,13,9,21
4692,4606,9,9,9,22
4694,4606,9,18,9,21
4696,4606,9,18,9,19
4698,4606,9,21,9,21
4700,4606,3,29,3,36
4702,4606,3,31,3,36
4704,4606,4,29,4,36
4706,4606,4,31,4,36
4708,4606,5,33,5,40
4710,4606,5,35,5,40
4712,4606,8,23,8,39
4714,4606,8,25,8,39
4716,4606,9,24,9,40
4718,4606,9,26,9,40
4720,4719,0,0,0,0
4722,4719,1,14,1,52
4725,4719,1,14,1,52
4727,4719,1,14,1,52
4729,4719,2,17,2,23
4731,4719,2,31,15,5
4733,4719,2,12,2,15
4735,4719,2,25,2,29
4737,4719,2,25,2,27
4739,4719,3,9,3,30
4741,4719,3,9,3,15
4743,4719,3,17,3,29
4745,4719,3,9,3,30
4747,4719,3,25,3,29
4749,4719,4,9,4,22
4751,4719,4,9,4,11
4753,4719,4,13,4,21
4755,4719,4,9,4,22
4757,4719,4,21,4,21
4759,4719,5,9,5,26
4761,4719,5,13,5,25
4763,4719,5,9,5,26
4765,4719,5,21,5,25
4767,4719,7,9,7,31
4769,4719,7,13,7,30
4771,4719,7,9,7,31
4773,4719,7,18,7,30
4775,4719,7,18,7,22
4777,4719,7,27,7,30
4779,4719,8,9,8,23
4781,4719,8,13,8,22
4783,4719,8,9,8,23
4785,4719,8,18,8,22
4787,4719,9,9,9,32
4789,4719,9,13,9,31
4791,4719,9,9,9,32
4793,4719,9,18,9,31
4795,4719,9,18,9,22
4797,4719,9,27,9,31
4799,4719,10,9,10,24
4801,4719,10,13,10,23
4803,4719,10,9,10,24
4805,4719,10,18,10,23
4807,4719,10,19,10,23
4809,4719,11,9,11,29
4811,4719,11,13,11,28
4813,4719,11,9,11,29
4815,4719,11,18,11,28
4817,4719,11,18,11,22
4819,4719,11,27,11,28
4821,4719,12,9,12,28
4823,4719,12,13,12,27
4825,4719,12,9,12,28
4827,4719,12,18,12,27
4829,4719,12,18,12,22
4831,4719,12,26,12,27
4833,4719,13,9,13,27
4835,4719,13,13,13,26
4837,4719,13,9,13,27
4839,4719,13,18,13,26
4841,4719,13,18,13,22
4843,4719,13,26,13,26
4845,4719,14,9,14,28
4847,4719,14,13,14,27
4849,4719,14,9,14,28
4851,4719,14,18,14,27
4853,4719,14,18,14,22
4855,4719,14,27,14,27
4857,4856,0,0,0,0
4859,4856,1,20,1,45
4862,4856,1,20,1,45
4864,4856,1,20,1,45
4866,4856,2,20,2,24
4868,4856,2,28,2,30
4870,4856,2,15,2,18
4872,4856,3,17,3,21
4874,4856,3,25,3,27
4876,4856,3,12,3,15
4880,4879,0,0,0,0
4881,4856,6,7,6,18
4883,4856,6,7,6,18
4885,4856,6,7,6,18
4887,4856,7,20,7,24
4889,4856,7,28,7,30
4891,4856,7,15,7,18
4893,4856,8,17,8,21
4895,4856,8,25,8,27
4897,4856,8,12,8,15
4899,4898,0,0,0,0
4903,4902,0,0,0,0
4904,4898,1,14,1,41
4910,4898,2,5,2,22
4911,4898,2,5,2,22
4912,4898,2,5,2,22
4914,4898,2,17,2,21
4917,4898,1,14,1,41
4919,4898,1,14,1,41
4921,4898,1,14,1,41
4923,4898,1,14,1,41
4925,4898,2,5,2,22
4927,4898,2,5,2,11
4928,4898,2,13,2,13
4930,4929,0,0,0,0
4934,4933,0,0,0,0
4935,4929,1,14,1,27
4938,4929,1,14,1,27
4940,4929,1,14,1,27
4942,4929,2,20,2,23
4944,4929,2,26,5,5
4946,4929,2,12,2,18
4948,4929,3,9,3,31
4950,4929,3,9,3,15
4952,4929,3,17,3,30
4954,4929,3,9,3,31
4956,4929,3,26,3,30
4958,4929,4,9,4,22
4960,4929,4,16,4,21
4962,4929,7,16,7,20
4964,4929,7,23,9,5
4966,4929,7,12,7,14
4968,4929,8,9,8,17
4970,4929,8,16,8,16
4971,4929,11,18,11,22
4973,4929,11,26,13,5
4975,4929,11,13,11,16
4977,4929,12,9,12,15
4979,4929,15,19,15,23
4981,4929,15,27,17,5
4983,4929,15,12,15,17
4985,4929,16,9,16,20
4987,4929,16,16,16,19
4989,4929,19,19,19,23
4991,4929,19,27,21,5
4993,4929,19,12,19,17
4995,4929,20,9,20,21
4997,4929,20,16,20,20
4999,4929,23,20,23,24
5001,4929,23,28,25,5
5003,4929,23,12,23,18
5005,4929,24,9,24,21
5007,4929,24,16,24,20
5009,4929,4,25,4,32
5011,4929,4,27,4,32
5013,4929,8,21,8,30
5015,4929,8,23,8,30
5017,4929,12,17,12,23
5019,4929,12,19,12,23
5021,4929,16,22,16,29
5023,4929,16,24,16,29
5025,5024,0,0,0,0
5027,5024,1,1,1,28
5031,5030,0,0,0,0
5033,5024,3,7,3,12
5035,5024,3,25,3,36
5041,5024,4,5,4,45
5042,5024,4,5,4,45
5043,5024,4,5,4,45
5045,5024,4,42,4,44
5047,5024,3,7,3,12
5049,5024,3,7,3,12
5051,5024,4,5,4,45
5053,5024,4,18,4,21
5054,5024,4,23,4,38
5058,5057,0,0,0,0
5060,5024,7,7,7,12
5062,5024,7,25,7,36
5068,5024,8,5,8,45
5069,5024,8,5,8,45
5070,5024,8,5,8,45
5072,5024,8,42,8,44
5074,5024,7,7,7,12
5076,5024,7,7,7,12
5078,5024,8,5,8,45
5080,5024,8,18,8,21
5081,5024,8,23,8,38
5085,5084,0,0,0,0
5086,5024,11,7,11,13
5088,5024,11,26,11,37
5090,5024,11,7,11,13
5092,5024,11,7,11,13
5096,5095,0,0,0,0
5098,5024,13,7,13,20
5104,5024,14,6,14,45
5105,5024,14,6,14,45
5106,5024,14,6,14,45
5108,5024,14,43,14,44
5110,5024,13,7,13,20
5112,5024,13,7,13,20
5114,5024,14,6,14,45
5116,5024,14,19,14,22
5117,5024,14,24,14,39
5119,5118,0,0,0,0
5121,5118,1,14,1,40
5124,5118,1,14,1,40
5126,5118,1,14,1,40
5128,5118,2,24,2,27
5130,5118,2,44,8,5
5132,5118,2,19,2,22
5134,5118,2,30,2,42
5136,5118,2,30,2,37
5138,5118,2,30,2,35
5140,5118,3,9,3,29
5143,5118,3,13,3,28
5145,5118,3,9,3,29
5147,5118,3,19,3,28
5149,5118,3,23,3,26
5152,5118,4,9,4,19
5154,5118,5,9,5,20
5156,5118,6,9,6,31
5159,5118,6,13,6,30
5161,5118,6,9,6,31
5163,5118,6,20,6,30
5165,5118,6,24,6,28
5168,5118,7,9,7,20
5170,5118,4,9,4,18
5172,5118,4,9,4,11
5175,5118,5,9,5,19
5177,5118,5,9,5,12
5179,5118,7,9,7,19
5181,5118,7,9,7,12
5184,5183,0,0,0,0
5185,5118,11,7,11,10
5187,5118,11,7,11,10
5189,5118,11,7,11,10
5190,5118,12,24,12,27
5192,5118,12,31,14,5
5194,5118,12,19,12,22
5196,5118,13,9,13,33
5198,5118,13,9,13,32
5200,5118,13,9,13,18
5202,5118,13,28,13,31
5204,5118,13,9,13,14
5206,5205,0,0,0,0
5207,5118,17,7,17,11
5209,5118,17,7,17,11
5211,5118,17,7,17,11
5212,5118,18,17,18,20
5214,5118,18,24,18,25
5216,5118,18,12,18,15
5218,5118,4,21,4,72
5220,5118,4,23,4,72
5222,5221,0,0,0,0
5225,5221,1,1,1,24
5227,5221,3,14,3,35
5230,5221,3,14,3,35
5232,5221,3,14,3,35
5234,5221,4,17,4,20
5236,5221,4,23,11,5
5238,5221,4,12,4,15
5240,5221,5,9,5,47
5243,5221,5,9,5,21
5245,5221,5,23,5,46
5247,5221,5,9,5,47
5249,5221,5,28,5,46
5251,5221,5,32,5,44
5254,5221,6,9,6,27
5256,5221,6,9,6,14
5258,5221,6,16,6,26
5260,5221,6,9,6,27
5262,5221,6,20,6,26
5264,5221,7,9,7,35
5266,5221,8,9,8,31
5268,5221,9,9,9,30
5270,5221,10,9,10,47
5272,5221,7,9,7,34
5274,5221,7,9,7,21
5277,5221,7,33,7,33
5279,5221,7,9,7,10
5282,5221,8,9,8,30
5284,5221,8,9,8,21
5287,5221,8,9,8,10
5289,5221,9,9,9,29
5291,5221,9,9,9,20
5293,5221,9,9,9,9
5296,5221,10,9,10,46
5298,5221,10,9,10,21
5301,5221,10,35,10,45
5303,5221,10,9,10,10
5305,5221,10,35,10,40
5308,5221,7,37,7,42
5310,5221,7,39,7,42
5312,5221,8,37,8,42
5314,5221,8,39,8,42
5316,5221,9,37,9,43
5318,5221,9,39,9,43
5320,5319,0,0,0,0
5322,5319,1,14,1,26
5325,5319,1,14,1,26
5327,5319,1,14,1,26
5329,5319,2,24,2,27
5331,5319,2,44,10,5
5333,5319,2,19,2,22
5335,5319,2,29,2,41
5337,5319,2,29,2,36
5339,5319,2,29,2,34
5341,5319,3,9,3,30
5343,5319,3,9,3,14
5345,5319,3,16,3,29
5347,5319,3,9,3,30
5349,5319,3,23,3,29
5351,5319,4,9,4,30
5353,5319,4,9,4,14
5355,5319,4,16,4,29
5357,5319,4,9,4,30
5359,5319,4,23,4,29
5361,5319,5,9,5,25
5363,5319,6,9,6,25
5365,5319,7,9,7,25
5367,5319,8,9,8,30
5369,5319,9,9,9,41
5371,5319,5,13,5,24
5373,5319,5,27,5,62
5375,5319,5,13,5,16
5377,5319,5,21,5,24
5379,5319,5,27,5,61
5381,5319,5,27,5,36
5383,5319,5,46,5,60
5385,5319,5,27,5,32
5387,5319,6,13,6,24
5389,5319,6,27,6,61
5391,5319,6,13,6,16
5393,5319,6,21,6,24
5395,5319,6,27,6,60
5397,5319,6,27,6,36
5399,5319,6,46,6,59
5401,5319,6,27,6,32
5403,5319,7,13,7,24
5405,5319,7,27,7,61
5407,5319,7,13,7,16
5409,5319,7,21,7,24
5411,5319,7,27,7,60
5413,5319,7,27,7,36
5415,5319,7,46,7,59
5417,5319,7,27,7,32
5419,5319,8,13,8,29
5421,5319,8,32,8,71
5423,5319,8,13,8,16
5425,5319,8,25,8,28
5427,5319,8,32,8,70
5429,5319,8,32,8,41
5431,5319,8,51,8,69
5433,5319,8,32,8,37
5435,5319,9,13,9,40
5437,5319,9,43,9,93
5439,5319,9,13,9,16
5441,5319,9,21,9,40
5443,5319,9,21,9,24
5446,5319,9,36,9,36
5448,5319,9,39,9,39
5450,5319,9,43,9,92
5452,5319,9,43,9,52
5454,5319,9,62,9,91
5456,5319,9,43,9,48
5458,5457,0,0,0,0
5460,5457,1,14,1,46
5463,5457,1,14,1,46
5465,5457,1,14,1,46
5467,5457,2,17,2,20
5469,5457,2,23,5,5
5471,5457,2,12,2,15
5473,5457,3,9,3,32
5475,5457,3,9,3,14
5477,5457,3,16,3,31
5479,5457,3,9,3,32
5481,5457,3,20,3,31
5483,5457,3,24,3,29
5485,5457,4,9,4,31
5487,5457,4,9,4,30
5489,5457,4,9,4,9
5491,5457,4,18,4,29
5493,5457,4,22,4,27
5497,5496,0,0,0,0
5498,5457,8,7,8,19
5500,5457,8,29,8,61
5502,5457,8,7,8,19
5504,5457,8,7,8,19
5506,5457,9,17,9,20
5508,5457,9,23,12,5
5510,5457,9,12,9,15
5512,5457,10,9,10,21
5514,5457,11,9,11,35
5516,5457,10,9,10,20
5518,5457,10,9,10,13
5520,5457,11,9,11,34
5522,5457,11,9,11,13
5524,5457,11,22,11,33
5526,5457,11,26,11,31
5528,5527,0,0,0,0
5530,5527,1,14,1,27
5533,5527,1,14,1,27
5535,5527,1,14,1,27
5537,5527,2,17,2,20
5539,5527,2,23,5,5
5541,5527,2,12,2,15
5543,5527,3,9,3,33
5545,5527,3,9,3,13
5547,5527,3,15,3,32
5549,5527,3,9,3,33
5551,5527,3,23,3,32
5553,5527,3,27,3,29
5555,5527,3,31,3,31
5557,5527,4,9,4,21
5559,5527,3,9,3,11
5561,5527,4,9,4,20
5563,5527,4,9,4,16
5565,5527,4,20,4,20
5567,5527,4,9,4,13
5569,5527,4,15,4,15
5571,5527,4,23,4,43
5573,5527,4,25,4,43
5575,5574,0,0,0,0
5579,5578,0,0,0,0
5583,5574,1,7,1,20
5585,5574,1,7,1,20
5587,5574,1,7,1,20
5588,5574,2,13,2,15
5590,5574,2,32,4,5
5592,5574,2,5,2,11
5593,5574,2,17,2,21
5595,5574,2,17,2,19
5596,5574,2,24,2,29
5598,5574,2,24,2,27
5600,5574,3,9,3,31
5602,5574,3,16,3,30
5604,5574,3,16,3,21
5606,5574,3,26,3,30
5608,5574,3,16,3,16
5610,5574,3,21,3,21
5612,5574,3,26,3,26
5614,5574,3,30,3,30
5616,5615,0,0,0,0
5620,5619,0,0,0,0
5622,5615,1,7,1,25
5624,5615,1,7,1,25
5626,5615,1,7,1,25
5627,5615,2,10,2,12
5629,5615,2,16,6,5
5631,5615,2,5,2,8
5633,5615,3,9,3,17
5635,5615,3,13,3,16
5637,5615,3,19,5,9
5639,5615,4,13,4,47
5641,5615,4,13,4,46
5643,5615,4,13,4,22
5645,5615,4,32,4,45
5647,5615,4,13,4,18
5649,5648,0,0,0,0
5653,5652,0,0,0,0
5661,5648,1,7,1,18
5663,5648,1,7,1,18
5665,5648,1,7,1,18
5666,5648,2,9,2,11
5668,5648,2,27,5,5
5670,5648,2,5,2,7
5671,5648,2,13,2,17
5673,5648,2,13,2,15
5674,5648,2,20,2,24
5676,5648,2,20,2,22
5678,5648,3,9,3,38
5680,5648,3,9,3,11
5682,5648,3,13,3,37
5684,5648,3,9,3,38
5686,5648,3,17,3,37
5688,5648,3,17,3,21
5690,5648,3,25,3,29
5692,5648,3,33,3,37
5694,5648,3,17,3,17
5696,5648,3,21,3,21
5698,5648,3,25,3,25
5700,5648,3,29,3,29
5702,5648,3,33,3,33
5704,5648,3,37,3,37
5706,5648,4,9,4,17
5708,5648,4,16,4,16
5709,5648,7,9,7,11
5711,5648,7,27,16,5
5713,5648,7,5,7,7
5714,5648,7,13,7,17
5716,5648,7,13,7,15
5717,5648,7,20,7,24
5719,5648,7,20,7,22
5721,5648,8,9,8,18
5723,5648,8,9,8,11
5725,5648,8,13,8,17
5727,5648,8,9,8,18
5729,5648,8,17,8,17
5731,5648,9,9,9,18
5733,5648,14,9,14,22
5735,5648,14,9,14,11
5737,5648,14,13,14,21
5739,5648,14,9,14,22
5741,5648,14,17,14,21
5743,5648,14,17,14,17
5745,5648,14,21,14,21
5747,5648,15,9,15,17
5749,5648,9,13,9,17
5751,5648,9,20,11,9
5753,5648,11,16,13,9
5755,5648,9,13,9,13
5757,5648,9,17,9,17
5759,5648,10,13,10,22
5761,5648,10,13,10,21
5763,5648,10,13,10,13
5765,5648,10,17,10,21
5767,5648,10,17,10,17
5769,5648,10,21,10,21
5771,5648,12,13,12,22
5773,5648,12,13,12,21
5775,5648,12,13,12,13
5777,5648,12,17,12,21
5779,5648,12,17,12,17
5781,5648,12,21,12,21
5783,5648,15,16,15,16
5784,5648,18,10,18,12
5786,5648,18,16,20,5
5788,5648,18,5,18,8
5790,5648,19,9,19,15
5792,5791,0,0,0,0
5796,5795,0,0,0,0
5798,5791,1,7,1,22
5800,5791,1,7,1,22
5802,5791,1,7,1,22
5803,5791,2,10,2,12
5805,5791,2,16,5,5
5807,5791,2,5,2,8
5809,5791,3,9,3,32
5811,5791,3,9,3,13
5813,5791,3,15,3,31
5815,5791,3,9,3,32
5817,5791,3,19,3,31
5819,5791,3,20,3,24
5821,5791,3,27,3,31
5823,5791,4,9,4,15
5825,5824,0,0,0,0
5829,5828,0,0,0,0
5832,5824,1,7,1,25
5834,5824,1,7,1,25
5836,5824,1,7,1,25
5837,5824,2,9,2,11
5839,5824,2,20,7,5
5841,5824,2,5,2,7
5842,5824,2,13,2,17
5844,5824,2,13,2,15
5846,5824,3,9,3,33
5848,5824,6,9,6,17
5850,5824,3,13,3,32
5852,5824,3,35,5,9
5854,5824,3,14,3,23
5856,5824,3,29,3,32
5858,5824,3,14,3,18
5860,5824,3,23,3,23
5862,5824,3,14,3,14
5864,5824,3,18,3,18
5866,5824,4,13,4,21
5868,5824,4,20,4,20
5870,5824,6,16,6,16
5872,5871,0,0,0,0
5876,5875,0,0,0,0
5878,5871,1,7,1,19
5880,5871,1,7,1,19
5882,5871,1,7,1,19
5883,5871,2,10,2,12
5885,5871,2,16,5,5
5887,5871,2,5,2,8
5889,5871,3,9,3,28
5891,5871,3,9,3,11
5893,5871,3,13,3,27
5895,5871,3,9,3,28
5897,5871,3,17,3,27
5899,5871,3,18,3,20
5901,5871,3,23,3,27
5903,5871,4,9,4,15
5905,5904,0,0,0,0
5909,5908,0,0,0,0
5910,5904,1,7,1,26
5912,5904,1,7,1,26
5914,5904,1,7,1,26
5916,5904,2,24,2,26
5918,5904,2,30,2,31
5920,5904,2,19,2,22
5922,5921,0,0,0,0
5926,5925,0,0,0,0
5927,5921,1,7,1,23
5929,5921,1,7,1,23
5931,5921,1,7,1,23
5933,5921,2,20,2,24
5935,5921,2,38,4,5
5937,5921,2,12,2,18
5939,5921,2,26,2,35
5941,5921,2,26,2,31
5943,5921,3,9,3,28
5945,5921,3,16,3,27
5947,5921,3,16,3,18
5949,5921,3,23,3,27
5951,5950,0,0,0,0
5953,5950,1,14,1,27
5955,5950,1,37,1,42
5958,5950,1,14,1,27
5960,5950,1,14,1,27
5963,5950,3,17,3,19
5965,5950,4,5,15,5
5967,5950,3,12,3,15
5969,5950,5,9,5,30
5971,5950,5,13,5,15
5973,5950,5,17,5,19
5975,5950,5,13,5,19
5977,5950,5,19,5,19
5979,5950,5,22,5,24
5981,5950,5,27,5,29
5983,5950,6,9,14,9
5985,5950,5,22,5,22
5987,5950,5,24,5,24
5989,5950,5,27,5,27
5991,5950,7,13,12,66
5993,5950,13,13,13,34
5995,5950,8,13,12,13
5997,5950,12,14,12,42
5999,5950,10,17,10,27
6001,5950,11,17,11,69
6003,5950,10,17,10,26
6005,5950,10,23,10,25
6007,5950,11,17,11,68
6009,5950,11,17,11,26
6011,5950,11,36,11,67
6013,5950,11,17,11,22
6015,5950,11,36,11,57
6018,5950,11,36,11,41
6020,5950,12,41,12,41
6022,5950,12,20,12,41
6024,5950,12,20,12,39
6026,5950,12,43,12,66
6028,5950,12,44,12,65
6030,5950,12,44,12,64
6032,5950,12,44,12,53
6035,5950,12,63,12,63
6037,5950,12,44,12,49
6039,5950,13,13,13,33
6041,5950,13,13,13,22
6043,5950,13,32,13,32
6045,5950,13,13,13,18
6047,5950,16,24,16,27
6049,5950,17,5,28,5
6051,5950,16,19,16,22
6053,5950,16,29,16,41
6055,5950,16,29,16,41
6057,5950,16,29,16,34
6059,5950,19,9,19,38
6061,5950,19,13,19,37
6063,5950,19,9,19,38
6065,5950,19,18,19,37
6067,5950,19,22,19,35
6069,5950,20,9,20,38
6071,5950,20,13,20,37
6073,5950,20,9,20,38
6075,5950,20,18,20,37
6077,5950,20,22,20,35
6079,5950,21,9,21,38
6081,5950,21,13,21,37
6083,5950,21,9,21,38
6085,5950,21,18,21,37
6087,5950,21,22,21,35
6089,5950,23,9,23,19
6091,5950,24,9,24,19
6093,5950,26,9,26,18
6095,5950,27,9,27,51
6097,5950,23,9,23,18
6099,5950,23,9,23,10
6101,5950,24,9,24,18
6103,5950,24,9,24,10
6105,5950,26,9,26,17
6107,5950,26,9,26,10
6109,5950,27,9,27,50
6111,5950,27,9,27,18
6113,5950,27,28,27,49
6115,5950,27,9,27,14
6117,5950,9,17,9,55
6119,5950,9,19,9,55
6121,5950,18,9,18,33
6123,5950,18,11,18,33
6125,5950,22,9,22,28
6127,5950,22,11,22,28
6129,5950,25,9,25,25
6131,5950,25,11,25,25
6133,6132,0,0,0,0
6135,6132,1,11,1,14
6137,6132,3,11,3,17
6139,6132,3,27,3,30
6141,6132,5,11,5,18
6145,6144,0,0,0,0
6146,6132,7,7,7,10
6148,6132,7,23,7,29
6150,6132,7,32,7,39
6152,6132,7,42,7,45
6154,6132,7,7,7,10
6156,6132,7,7,7,10
6160,6159,0,0,0,0
6161,6132,9,7,9,11
6163,6132,9,21,9,24
6165,6132,9,7,9,11
6167,6132,9,7,9,11
6169,6168,0,0,0,0
6173,6172,0,0,0,0
6176,6168,1,7,1,22
6178,6168,1,7,1,22
6180,6168,1,7,1,22
6181,6168,2,9,2,11
6183,6168,2,20,7,5
6185,6168,2,5,2,7
6186,6168,2,13,2,17
6188,6168,2,13,2,15
6190,6168,3,9,3,18
6192,6168,3,9,3,11
6194,6168,3,13,3,17
6196,6168,3,9,3,18
6198,6168,3,17,3,17
6200,6168,4,9,4,18
6202,6168,4,9,4,11
6204,6168,4,13,4,17
6206,6168,4,9,4,18
6208,6168,4,17,4,17
6210,6168,5,9,5,18
6212,6168,6,9,6,17
6214,6168,5,13,5,17
6216,6168,5,20,5,28
6218,6168,5,13,5,13
6220,6168,5,17,5,17
6222,6168,5,27,5,27
6224,6168,6,16,6,16
6226,6225,0,0,0,0
6230,6229,0,0,0,0
6233,6225,1,7,1,18
6235,6225,1,7,1,18
6237,6225,1,7,1,18
6238,6225,2,9,2,11
6240,6225,2,20,16,5
6242,6225,2,5,2,7
6243,6225,2,13,2,17
6245,6225,2,13,2,15
6247,6225,3,9,3,20
6249,6225,3,9,3,11
6251,6225,3,13,3,19
6253,6225,3,9,3,20
6255,6225,3,19,3,19
6257,6225,4,9,4,14
6259,6225,4,9,4,11
6261,6225,4,13,4,13
6263,6225,4,9,4,14
6265,6225,5,9,6,31
6267,6225,15,9,15,17
6269,6225,6,9,6,31
6271,6225,6,14,6,18
6273,6225,6,21,6,25
6275,6225,6,28,6,30
6277,6225,6,33,14,9
6279,6225,6,14,6,14
6281,6225,6,18,6,18
6283,6225,6,21,6,21
6285,6225,6,25,6,25
6287,6225,6,28,6,28
6289,6225,7,13,7,22
6291,6225,7,13,7,15
6293,6225,7,17,7,21
6295,6225,7,13,7,22
6297,6225,7,21,7,21
6299,6225,8,13,8,24
6301,6225,8,20,8,23
6303,6225,8,26,13,13
6305,6225,9,17,9,26
6307,6225,10,17,10,20
6309,6225,11,17,11,25
6311,6225,12,17,12,32
6313,6225,9,21,9,25
6315,6225,9,28,9,33
6317,6225,9,21,9,21
6319,6225,9,25,9,25
6321,6225,10,17,10,19
6323,6225,10,17,10,17
6325,6225,11,17,11,24
6327,6225,11,17,11,19
6329,6225,11,24,11,24
6331,6225,12,21,12,31
6333,6225,12,34,12,45
6335,6225,12,21,12,23
6337,6225,12,27,12,31
6339,6225,15,16,15,16
6341,6340,0,0,0,0
6343,6340,1,1,1,22
6345,6340,2,1,2,27
6349,6348,0,0,0,0
6353,6352,0,0,0,0
6354,6340,4,14,4,35
6360,6340,5,5,5,57
6361,6340,5,5,5,57
6362,6340,5,5,5,57
6364,6340,5,38,5,56
6366,6340,5,42,5,54
6409,6408,0,0,0,0
6424,6340,4,14,4,35
6426,6340,4,14,4,35
6428,6340,5,5,5,57
6431,6340,5,24,5,29
6432,6340,5,12,5,30
6433,6340,5,32,5,34
6435,6340,7,17,7,20
6437,6340,7,23,18,5
6439,6340,7,12,7,15
6441,6340,8,9,14,14
6444,6340,8,9,8,33
6446,6340,8,35,14,13
6448,6340,8,9,14,14
6452,6451,0,0,0,0
6474,6340,9,13,14,13
6476,6340,9,17,9,41
6478,6340,9,29,9,40
6480,6340,9,34,9,39
6481,6340,9,17,9,41
6483,6340,9,17,9,41
6485,6340,9,17,9,41
6486,6340,10,17,10,25
6487,6340,11,40,11,51
6489,6340,11,55,13,17
6491,6340,11,27,11,38
6493,6340,11,32,11,37
6495,6340,12,21,12,51
6500,6340,12,28,12,50
6502,6340,12,32,12,48
6762,6340,12,42,12,47
6764,6340,16,9,17,48
6766,6340,16,9,16,33
6768,6340,16,35,17,47
6770,6340,16,9,17,48
6774,6773,0,0,0,0
6776,6340,17,13,17,47
6778,6340,17,17,17,41
6780,6340,17,29,17,40
6782,6340,17,34,17,39
6783,6340,17,17,17,41
6785,6340,17,17,17,41
6787,6340,17,17,17,41
6789,6340,8,21,8,32
6791,6340,8,26,8,31
6793,6340,16,21,16,32
6795,6340,16,26,16,31
6797,6796,0,0,0,0
6800,6796,1,1,1,24
6802,6796,3,14,3,43
6805,6796,3,14,3,43
6807,6796,3,14,3,43
6809,6796,4,5,4,19
6811,6796,4,12,4,14
6813,6796,4,16,4,18
6815,6796,6,19,6,26
6817,6796,6,30,12,5
6819,6796,6,12,6,17
6821,6796,7,9,7,21
6823,6796,7,13,7,20
6825,6796,7,23,9,9
6827,6796,9,16,11,9
6829,6796,7,13,7,15
6831,6796,7,20,7,20
6833,6796,8,13,8,24
6835,6796,8,20,8,23
6837,6796,10,13,10,28
6839,6796,10,20,10,27
6841,6796,10,20,10,21
6843,6796,10,25,10,27
6845,6796,14,19,14,21
6847,6796,14,25,14,40
6849,6796,14,12,14,17
6851,6796,14,27,14,38
6853,6796,14,34,14,37
6857,6856,0,0,0,0
6858,6796,17,7,17,30
6860,6796,17,7,17,30
6862,6796,17,7,17,30
6864,6796,18,19,18,25
6866,6796,18,29,20,5
6868,6796,18,12,18,17
6870,6796,19,9,19,18
6872,6796,19,16,19,17
6874,6796,8,26,8,40
6876,6796,8,28,8,40
6878,6877,0,0,0,0
6880,6877,1,14,1,24
6883,6877,1,14,1,24
6885,6877,1,14,1,24
6887,6877,2,24,2,27
6889,6877,2,44,7,5
6891,6877,2,19,2,22
6893,6877,2,29,2,41
6895,6877,2,29,2,36
6897,6877,2,29,2,34
6899,6877,3,9,3,23
6901,6877,3,9,3,13
6903,6877,3,15,3,22
6905,6877,3,9,3,23
6907,6877,3,19,3,22
6909,6877,4,9,4,24
6911,6877,4,9,4,11
6913,6877,4,13,4,23
6915,6877,4,9,4,24
6917,6877,4,17,4,23
6919,6877,4,18,4,20
6921,6877,4,23,4,23
6923,6877,5,9,5,30
6925,6877,6,9,6,28
6927,6877,6,13,6,27
6929,6877,6,9,6,28
6931,6877,6,17,6,27
6933,6877,6,18,6,20
6935,6877,6,23,6,27
6937,6877,5,9,5,29
6939,6877,5,9,5,18
6941,6877,5,28,5,28
6943,6877,5,9,5,14
6945,6944,0,0,0,0
6947,6944,1,14,1,25
6950,6944,1,14,1,25
6952,6944,1,14,1,25
6954,6944,2,17,2,19
6956,6944,2,23,8,5
6958,6944,2,12,2,15
6960,6944,3,9,3,19
6962,6944,3,9,3,11
6964,6944,3,13,3,18
6966,6944,3,9,3,19
6968,6944,3,17,3,18
6970,6944,4,9,4,23
6972,6944,4,9,4,14
6974,6944,4,16,4,22
6976,6944,4,9,4,23
6978,6944,4,20,4,22
6980,6944,5,9,5,27
6982,6944,5,9,5,14
6984,6944,5,16,5,26
6986,6944,5,9,5,27
6988,6944,5,20,5,26
6990,6944,6,9,6,22
6992,6944,6,9,6,11
6994,6944,6,13,6,21
6996,6944,6,9,6,22
6998,6944,6,17,6,21
7000,6944,6,17,6,17
7002,6944,6,21,6,21
7004,6944,7,9,7,30
7006,6944,7,9,7,29
7008,6944,7,9,7,18
7010,6944,7,28,7,28
7012,6944,7,9,7,14
7014,7013,0,0,0,0
7016,7013,1,14,1,21
7019,7013,1,14,1,21
7021,7013,1,14,1,21
7023,7013,2,24,2,27
7025,7013,2,44,16,5
7027,7013,2,19,2,22
7029,7013,2,29,2,41
7031,7013,2,29,2,36
7033,7013,2,29,2,34
7035,7013,3,9,3,19
7037,7013,3,9,3,11
7039,7013,3,13,3,18
7041,7013,3,9,3,19
7043,7013,3,17,3,18
7045,7013,4,9,4,20
7047,7013,4,9,4,11
7049,7013,4,13,4,19
7051,7013,4,9,4,20
7053,7013,4,19,4,19
7055,7013,5,9,6,35
7057,7013,6,9,6,35
7059,7013,6,14,6,16
7061,7013,6,18,6,22
7063,7013,6,14,6,22
7065,7013,6,22,6,22
7067,7013,6,25,6,29
7069,7013,6,32,6,34
7071,7013,6,37,15,9
7073,7013,6,25,6,25
7075,7013,6,29,6,29
7077,7013,6,32,6,32
7079,7013,7,13,7,26
7081,7013,7,13,7,15
7083,7013,7,17,7,25
7085,7013,7,13,7,26
7087,7013,7,21,7,25
7089,7013,7,21,7,21
7091,7013,7,25,7,25
7093,7013,8,13,8,23
7095,7013,8,19,8,22
7097,7013,8,25,14,13
7099,7013,9,17,9,29
7101,7013,10,17,10,30
7103,7013,13,17,13,27
7105,7013,9,17,9,28
7107,7013,9,17,9,19
7109,7013,9,24,9,28
7111,7013,9,24,9,24
7113,7013,9,28,9,28
7115,7013,10,21,10,29
7117,7013,10,32,12,17
7119,7013,10,21,10,23
7121,7013,10,27,10,29
7123,7013,11,21,11,32
7125,7013,13,21,13,26
7127,7013,13,29,13,34
7129,7013,13,21,13,21
7131,7013,13,26,13,26
7133,7132,0,0,0,0
7135,7132,1,7,1,48
7141,7132,2,5,2,47
7142,7132,2,5,2,47
7143,7132,2,5,2,47
7146,7132,2,45,2,46
7148,7132,2,5,2,47
7150,7132,2,25,2,27
7151,7132,2,29,2,41
7153,7132,4,12,4,53
7155,7132,4,57,4,59
7157,7132,4,12,4,53
7161,7160,0,0,0,0
7162,7132,7,7,7,21
7168,7132,8,5,8,28
7169,7132,8,5,8,28
7170,7132,8,5,8,28
7172,7132,8,26,8,27
7174,7132,8,5,8,28
7176,7132,8,13,8,15
7177,7132,8,17,8,22
7179,7132,10,12,10,26
7181,7132,10,30,10,32
7183,7132,10,12,10,26
7185,7132,10,12,10,26
7187,7132,10,12,10,26
7191,7190,0,0,0,0
7194,7132,13,7,13,22
7200,7132,14,5,14,31
7201,7132,14,5,14,31
7202,7132,14,5,14,31
7204,7132,14,29,14,30
7206,7132,14,5,14,31
7208,7132,14,20,14,22
7209,7132,14,24,14,25
7210,7132,15,9,15,11
7212,7132,15,20,15,36
7214,7132,15,5,15,7
7215,7132,15,13,15,17
7217,7132,15,13,15,15
7219,7132,15,22,15,34
7221,7132,15,29,15,33
7223,7132,15,29,15,29
7225,7132,15,33,15,33
7227,7132,17,12,17,27
7229,7132,17,31,17,33
7231,7132,17,12,17,27
7233,7132,4,61,4,99
7235,7132,4,63,4,99
7237,7132,10,34,10,40
7239,7132,10,36,10,40
7241,7132,17,35,17,41
7243,7132,17,37,17,41
7245,7244,0,0,0,0
7249,7248,0,0,0,0
7250,7244,1,14,1,29
7256,7244,2,5,2,14
7257,7244,2,5,2,14
7258,7244,2,5,2,14
7260,7244,2,13,2,13
7263,7244,1,14,1,29
7265,7244,1,14,1,29
7267,7244,1,14,1,29
7269,7244,1,14,1,29
7271,7244,2,5,2,14
7273,7244,2,5,2,7
7274,7244,2,9,2,9
7276,7244,4,17,4,20
7279,7244,4,23,7,5
7281,7244,4,12,4,15
7283,7244,5,9,5,18
7285,7244,5,9,5,11
7287,7244,5,13,5,17
7289,7244,5,9,5,18
7291,7244,5,17,5,17
7293,7244,6,9,6,29
7295,7244,6,9,6,15
7297,7244,6,17,6,28
7299,7244,6,9,6,29
7301,7244,6,24,6,28
7302,7244,2,16,2,23
7304,7244,2,18,2,23
7306,7244,5,20,5,26
7308,7244,5,22,5,26
7310,7244,6,31,6,37
7312,7244,6,33,6,37
7314,7313,0,0,0,0
7316,7315,0,0,0,0
7318,7317,0,0,0,0
7320,7319,0,0,0,0
7322,7321,0,0,0,0
7324,7323,0,0,0,0
7326,7325,0,0,0,0
7328,7327,0,0,0,0
7330,7329,0,0,0,0
7332,7331,0,0,0,0
7334,7333,0,0,0,0
7336,7335,0,0,0,0
7338,7337,0,0,0,0
7340,7339,0,0,0,0
7342,7341,0,0,0,0
7344,7343,0,0,0,0
7346,7345,0,0,0,0
7348,7347,0,0,0,0
7350,7349,0,0,0,0
7352,7351,0,0,0,0
7354,7353,0,0,0,0
7367,7366,0,0,0,0
7369,7368,0,0,0,0
7371,7370,0,0,0,0
7373,7372,0,0,0,0
7375,7374,0,0,0,0
7377,7376,0,0,0,0
7379,7378,0,0,0,0
7381,7380,0,0,0,0
7383,7382,0,0,0,0
7385,7384,0,0,0,0
7387,7386,0,0,0,0
7389,7388,0,0,0,0
7391,7390,0,0,0,0
7393,7392,0,0,0,0
7395,7394,0,0,0,0
7397,7396,0,0,0,0
7399,7398,0,0,0,0
7401,7400,0,0,0,0
7403,7402,0,0,0,0
7405,7404,0,0,0,0
7410,7408,0,0,0,0
7416,7415,0,0,0,0
7446,7445,0,0,0,0
7488,7487,0,0,0,0
7535,7534,0,0,0,0
7539,7538,0,0,0,0
7656,7655,0,0,0,0
7674,7670,0,0,0,0
7680,7678,0,0,0,0
7684,7683,0,0,0,0
7702,7701,0,0,0,0
7708,7707,0,0,0,0
7713,7712,0,0,0,0
7720,7719,0,0,0,0
7741,7740,0,0,0,0
7745,7744,0,0,0,0
7757,7756,0,0,0,0
7800,7799,0,0,0,0
7818,7817,0,0,0,0
7826,7825,0,0,0,0
7832,7831,0,0,0,0
7856,7855,0,0,0,0
7865,7864,0,0,0,0
7869,7868,0,0,0,0
7888,7887,0,0,0,0
7896,7895,0,0,0,0
7902,7900,0,0,0,0
7953,7952,0,0,0,0
7972,7971,0,0,0,0
8018,8017,0,0,0,0
8125,8124,0,0,0,0
8130,8129,0,0,0,0
8151,8150,0,0,0,0
8156,8155,0,0,0,0
8289,8288,0,0,0,0
8296,8295,0,0,0,0
8422,8421,0,0,0,0
8456,8455,0,0,0,0
8466,8465,0,0,0,0
8508,8507,0,0,0,0
8516,8515,0,0,0,0
8535,8534,0,0,0,0
8651,8650,0,0,0,0
8772,8771,0,0,0,0
8812,8811,0,0,0,0
8814,8813,0,0,0,0
8822,8821,0,0,0,0
8827,8826,0,0,0,0
8831,8830,0,0,0,0
8836,8835,0,0,0,0
8880,8879,0,0,0,0
9041,9040,0,0,0,0
9054,9053,0,0,0,0
9058,9057,0,0,0,0
9117,9116,0,0,0,0
9133,9132,0,0,0,0
9588,9586,0,0,0,0
9720,9719,0,0,0,0
9784,9783,0,0,0,0
9790,9789,0,0,0,0
9797,9795,0,0,0,0
9801,9800,0,0,0,0
9805,9804,0,0,0,0
9887,9886,0,0,0,0
10013,10012,0,0,0,0
10024,10023,0,0,0,0
10029,10028,0,0,0,0
10033,10032,0,0,0,0
10038,10037,0,0,0,0
10043,10042,0,0,0,0
10059,10058,0,0,0,0
10248,10247,0,0,0,0
10330,10329,0,0,0,0
10560,10559,0,0,0,0
10620,10619,0,0,0,0
10685,10684,0,0,0,0
10761,10760,0,0,0,0
10807,10806,0,0,0,0
10812,10811,0,0,0,0
10814,10813,0,0,0,0
10849,10848,0,0,0,0
11038,11037,0,0,0,0
11054,11053,0,0,0,0
11070,11069,0,0,0,0
11078,11077,0,0,0,0
11084,11083,0,0,0,0
11096,11095,0,0,0,0
11107,11106,0,0,0,0
11112,11111,0,0,0,0
11288,11287,0,0,0,0
11299,11298,0,0,0,0
11304,11303,0,0,0,0
11313,11312,0,0,0,0
11489,11488,0,0,0,0
11597,11596,0,0,0,0
11613,11612,0,0,0,0
11665,11664,0,0,0,0
11676,11675,0,0,0,0
11681,11680,0,0,0,0
11686,11685,0,0,0,0
11695,11694,0,0,0,0
11709,11708,0,0,0,0
11736,11735,0,0,0,0
11744,11743,0,0,0,0
11812,11811,0,0,0,0
11818,11817,0,0,0,0
11825,11824,0,0,0,0
11836,11835,0,0,0,0
11840,11839,0,0,0,0
11857,11856,0,0,0,0
11866,11865,0,0,0,0
11877,11876,0,0,0,0
11953,11952,0,0,0,0
11974,11973,0,0,0,0
12012,12011,0,0,0,0
12048,12047,0,0,0,0
12085,12084,0,0,0,0
12097,12096,0,0,0,0
12165,12164,0,0,0,0
12169,12168,0,0,0,0
12173,12172,0,0,0,0
12513,12512,0,0,0,0
12670,12669,0,0,0,0
12784,12783,0,0,0,0
12828,12827,0,0,0,0
12867,12866,0,0,0,0
12948,12947,0,0,0,0
12951,12950,0,0,0,0
12983,12982,0,0,0,0
12999,12998,0,0,0,0
13022,13021,0,0,0,0
13062,13061,0,0,0,0
13281,13280,0,0,0,0
13360,13359,0,0,0,0
13369,13368,0,0,0,0
13408,13407,0,0,0,0
13414,13413,0,0,0,0
13425,13424,0,0,0,0
13435,13434,0,0,0,0
13441,13440,0,0,0,0
13454,13452,0,0,0,0
13461,13460,0,0,0,0
13470,13469,0,0,0,0
13504,13503,0,0,0,0
13512,13511,0,0,0,0
13547,13546,0,0,0,0
13555,13554,0,0,0,0
13586,13585,0,0,0,0
13593,13592,0,0,0,0
13599,13598,0,0,0,0
13652,13651,0,0,0,0
13661,13660,0,0,0,0
13690,13689,0,0,0,0
13694,13693,0,0,0,0
13781,13779,0,0,0,0
13820,13819,0,0,0,0
13829,13828,0,0,0,0
13876,13875,0,0,0,0
13904,13903,0,0,0,0
14080,14079,0,0,0,0
14082,14081,0,0,0,0
14149,14148,0,0,0,0
14433,14432,0,0,0,0
14463,14462,0,0,0,0
14538,14537,0,0,0,0
14570,14569,0,0,0,0
14572,14571,0,0,0,0
14593,14592,0,0,0,0
14613,14612,0,0,0,0
14633,14632,0,0,0,0
14653,14652,0,0,0,0
14673,14672,0,0,0,0
14693,14692,0,0,0,0
14713,14712,0,0,0,0
14733,14732,0,0,0,0
14801,14800,0,0,0,0
14807,14806,0,0,0,0
14811,14810,0,0,0,0
14842,14841,0,0,0,0
14897,14896,0,0,0,0
14982,14981,0,0,0,0
15079,15078,0,0,0,0
15154,15153,0,0,0,0
15185,15184,0,0,0,0
15285,15284,0,0,0,0
15362,15361,0,0,0,0
15429,15428,0,0,0,0
15441,15440,0,0,0,0
15545,15544,0,0,0,0
15615,15614,0,0,0,0
15796,15795,0,0,0,0
15873,15872,0,0,0,0
15926,15925,0,0,0,0
16067,16066,0,0,0,0
16069,16068,0,0,0,0
16199,16198,0,0,0,0
16246,16245,0,0,0,0
16254,16253,0,0,0,0
16257,16256,0,0,0,0
16303,16302,0,0,0,0
16500,16499,0,0,0,0
16531,16530,0,0,0,0
16546,16545,0,0,0,0
16587,16586,0,0,0,0
16622,16621,0,0,0,0
17065,17064,0,0,0,0
17073,17072,0,0,0,0
17218,17217,0,0,0,0
17286,17285,0,0,0,0
17309,17308,0,0,0,0
17313,17312,0,0,0,0
17356,17355,0,0,0,0
17368,17367,0,0,0,0
17440,17439,0,0,0,0
17487,17486,0,0,0,0
17522,17521,0,0,0,0
17703,17702,0,0,0,0
17715,17713,0,0,0,0
17771,17770,0,0,0,0
17877,17876,0,0,0,0
17913,17912,0,0,0,0
17928,17927,0,0,0,0
17966,17965,0,0,0,0
18002,18001,0,0,0,0
18017,18016,0,0,0,0
18030,18029,0,0,0,0
18068,18067,0,0,0,0
18086,18085,0,0,0,0
18099,18098,0,0,0,0
18173,18172,0,0,0,0
18196,18195,0,0,0,0
18219,18218,0,0,0,0
18228,18227,0,0,0,0
18242,18241,0,0,0,0
18245,18244,0,0,0,0
18377,18376,0,0,0,0
18458,18457,0,0,0,0
18490,18489,0,0,0,0
18588,18587,0,0,0,0
18672,18671,0,0,0,0
18836,18835,0,0,0,0
18839,18838,0,0,0,0
18849,18848,0,0,0,0
18857,18856,0,0,0,0
18939,18938,0,0,0,0
18990,18989,0,0,0,0
18995,18994,0,0,0,0
19012,19011,0,0,0,0
19022,19021,0,0,0,0
19028,19026,0,0,0,0
19267,19266,0,0,0,0
19436,19435,0,0,0,0
19458,19457,0,0,0,0
19506,19504,0,0,0,0
19518,19517,0,0,0,0
19523,19522,0,0,0,0
19528,19527,0,0,0,0
19546,19545,0,0,0,0
19621,19620,0,0,0,0
19641,19640,0,0,0,0
19651,19650,0,0,0,0
19656,19655,0,0,0,0
19718,19717,0,0,0,0
19756,19755,0,0,0,0
19770,19769,0,0,0,0
19774,19773,0,0,0,0
19784,19783,0,0,0,0
19862,19861,0,0,0,0
19875,19874,0,0,0,0
19966,19965,0,0,0,0
19970,19969,0,0,0,0
19977,19976,0,0,0,0
20090,20089,0,0,0,0
20141,20140,0,0,0,0
20145,20144,0,0,0,0
20152,20150,0,0,0,0
20162,20161,0,0,0,0
20173,20171,0,0,0,0
20238,20237,0,0,0,0
20422,20421,0,0,0,0
20429,20428,0,0,0,0
20581,20580,0,0,0,0
20695,20694,0,0,0,0
20809,20808,0,0,0,0
20923,20922,0,0,0,0
21038,21037,0,0,0,0
21088,21087,0,0,0,0
21205,21203,0,0,0,0
21210,21209,0,0,0,0
21215,21214,0,0,0,0
21220,21219,0,0,0,0
21228,21227,0,0,0,0
21312,21309,0,0,0,0
21325,21324,0,0,0,0
21329,21328,0,0,0,0
21334,21333,0,0,0,0
21346,21345,0,0,0,0
21354,21353,0,0,0,0
21455,21454,0,0,0,0
21481,21480,0,0,0,0
21492,21491,0,0,0,0
21496,21495,0,0,0,0
21501,21500,0,0,0,0
21511,21510,0,0,0,0
21529,21528,0,0,0,0
21536,21534,0,0,0,0
21552,21550,0,0,0,0
21555,21554,0,0,0,0
21592,21591,0,0,0,0
21604,21603,0,0,0,0
21650,21649,0,0,0,0
21702,21701,0,0,0,0
21720,21719,0,0,0,0
21729,21728,0,0,0,0
21767,21766,0,0,0,0
21770,21769,0,0,0,0
21774,21773,0,0,0,0
21794,21793,0,0,0,0
21826,21825,0,0,0,0
21853,21852,0,0,0,0
21888,21887,0,0,0,0
21890,21889,0,0,0,0
21918,21917,0,0,0,0
21979,21978,0,0,0,0
21988,21987,0,0,0,0
21991,21990,0,0,0,0
21999,21998,0,0,0,0
22010,22009,0,0,0,0
22022,22021,0,0,0,0
22034,22033,0,0,0,0
22038,22037,0,0,0,0
22053,22052,0,0,0,0
22055,22054,0,0,0,0
22057,22056,0,0,0,0
22081,22080,0,0,0,0
22084,22083,0,0,0,0
22087,22086,0,0,0,0
22098,22096,0,0,0,0
22230,22228,0,0,0,0
22280,22279,0,0,0,0
22291,22290,0,0,0,0
22308,22307,0,0,0,0
22322,22321,0,0,0,0
22350,22349,0,0,0,0
22359,22358,0,0,0,0
22370,22369,0,0,0,0
22376,22375,0,0,0,0
22388,22387,0,0,0,0
22397,22396,0,0,0,0
22408,22407,0,0,0,0
22419,22418,0,0,0,0
22424,22423,0,0,0,0
22440,22439,0,0,0,0
22455,22454,0,0,0,0
22466,22465,0,0,0,0
22472,22471,0,0,0,0
22480,22479,0,0,0,0
22487,22486,0,0,0,0
22490,22489,0,0,0,0
22516,22515,0,0,0,0
22545,22544,0,0,0,0
22652,22651,0,0,0,0
22659,22658,0,0,0,0
22669,22668,0,0,0,0
22683,22681,0,0,0,0
22707,22706,0,0,0,0
22744,22743,0,0,0,0
22754,22753,0,0,0,0
22767,22765,0,0,0,0
22783,22782,0,0,0,0
22809,22808,0,0,0,0
22824,22823,0,0,0,0
22851,22850,0,0,0,0
22856,22855,0,0,0,0
22871,22870,0,0,0,0
22906,22905,0,0,0,0
22912,22911,0,0,0,0
22931,22929,0,0,0,0
22966,22965,0,0,0,0
23003,23001,0,0,0,0
23047,23046,0,0,0,0
23169,23168,0,0,0,0
23268,23267,0,0,0,0
23284,23283,0,0,0,0
23455,23454,0,0,0,0
23461,23459,0,0,0,0
23501,23500,0,0,0,0
23769,23768,0,0,0,0
23918,23917,0,0,0,0
23998,23997,0,0,0,0
24173,24172,0,0,0,0
24302,24301,0,0,0,0
24377,24376,0,0,0,0
24414,24413,0,0,0,0
24475,24474,0,0,0,0
24763,24762,0,0,0,0
24832,24831,0,0,0,0
24897,24896,0,0,0,0
24925,24924,0,0,0,0
25022,25021,0,0,0,0
25043,25042,0,0,0,0
25117,25116,0,0,0,0
25158,25156,0,0,0,0
25273,25272,0,0,0,0
25289,25288,0,0,0,0
25299,25298,0,0,0,0
25318,25317,0,0,0,0
25431,25430,0,0,0,0
25486,25485,0,0,0,0
25504,25503,0,0,0,0
25535,25534,0,0,0,0
25573,25572,0,0,0,0
25597,25596,0,0,0,0
25634,25633,0,0,0,0
25677,25676,0,0,0,0
25722,25721,0,0,0,0
25810,25809,0,0,0,0
25875,25874,0,0,0,0
25897,25896,0,0,0,0
25912,25911,0,0,0,0
25917,25916,0,0,0,0
25926,25925,0,0,0,0
25955,25954,0,0,0,0
25972,25971,0,0,0,0
26009,26007,0,0,0,0
26055,26054,0,0,0,0
26097,26096,0,0,0,0
26141,26140,0,0,0,0
26860,26859,0,0,0,0
27752,27751,0,0,0,0
27958,27957,0,0,0,0
27963,27962,0,0,0,0
27967,27966,0,0,0,0
28067,28066,0,0,0,0
28089,28088,0,0,0,0
28093,28092,0,0,0,0
28507,28506,0,0,0,0
28521,28520,0,0,0,0
28535,28534,0,0,0,0
28661,28660,0,0,0,0
28932,28931,0,0,0,0
29451,29450,0,0,0,0
29472,29471,0,0,0,0
29555,29554,0,0,0,0
29597,29596,0,0,0,0
29637,29636,0,0,0,0
29678,29677,0,0,0,0
29704,29703,0,0,0,0
29857,29856,0,0,0,0
29941,29940,0,0,0,0
30265,30264,0,0,0,0
30433,30432,0,0,0,0
30469,30468,0,0,0,0
30505,30504,0,0,0,0
30541,30540,0,0,0,0
30545,30544,0,0,0,0
30569,30568,0,0,0,0
30586,30585,0,0,0,0
30618,30617,0,0,0,0
30960,30959,0,0,0,0
31032,31031,0,0,0,0
31035,31034,0,0,0,0
31081,31080,0,0,0,0
31335,31334,0,0,0,0
31339,31338,0,0,0,0
31403,31402,0,0,0,0
31431,31430,0,0,0,0
31620,31619,0,0,0,0
31627,31626,0,0,0,0
31638,31637,0,0,0,0
31725,31724,0,0,0,0
31852,31851,0,0,0,0
32285,32284,0,0,0,0
32295,32294,0,0,0,0
32305,32304,0,0,0,0
32606,32605,0,0,0,0
32617,32616,0,0,0,0
32621,32620,0,0,0,0
32708,32707,0,0,0,0
32763,32762,0,0,0,0
32767,32766,0,0,0,0
32841,32840,0,0,0,0
32848,32846,0,0,0,0
33002,33001,0,0,0,0
33008,33007,0,0,0,0
33016,33015,0,0,0,0
33023,33022,0,0,0,0
33033,33032,0,0,0,0
33038,33037,0,0,0,0
33044,33043,0,0,0,0
33050,33049,0,0,0,0
33091,33090,0,0,0,0
33097,33096,0,0,0,0
33109,33108,0,0,0,0
33119,33118,0,0,0,0
33123,33122,0,0,0,0
33128,33127,0,0,0,0
33133,33132,0,0,0,0
33143,33142,0,0,0,0
33149,33148,0,0,0,0
33157,33156,0,0,0,0
33164,33163,0,0,0,0
33174,33173,0,0,0,0
33179,33178,0,0,0,0
33185,33184,0,0,0,0
33191,33190,0,0,0,0
33202,33201,0,0,0,0
33210,33209,0,0,0,0
33218,33217,0,0,0,0
33319,33317,0,0,0,0
33402,33401,0,0,0,0
33440,33439,0,0,0,0
33501,33500,0,0,0,0
33509,33508,0,0,0,0
33511,33510,0,0,0,0
33629,33628,0,0,0,0
33637,33636,0,0,0,0
33639,33638,0,0,0,0
33761,33760,0,0,0,0
33769,33768,0,0,0,0
33771,33770,0,0,0,0
33896,33895,0,0,0,0
34173,34169,0,0,0,0
34285,34284,0,0,0,0
34295,34293,0,0,0,0
34353,34351,0,0,0,0
34362,34360,0,0,0,0
34472,34471,0,0,0,0
34482,34481,0,0,0,0
34492,34491,0,0,0,0
34556,34555,0,0,0,0
34563,34561,0,0,0,0
34600,34599,0,0,0,0
34614,34612,0,0,0,0
34629,34627,0,0,0,0
34631,34630,0,0,0,0
34639,34638,0,0,0,0
35705,35702,0,0,0,0
35711,35710,0,0,0,0
35715,35714,0,0,0,0
35743,35742,0,0,0,0
35765,35764,0,0,0,0
35769,35768,0,0,0,0
35801,35800,0,0,0,0
35921,35920,0,0,0,0
37597,37596,0,0,0,0
37604,37603,0,0,0,0
37659,37657,0,0,0,0
37669,37668,0,0,0,0
37691,37690,0,0,0,0
37753,37751,0,0,0,0
37761,37760,0,0,0,0
37810,37809,0,0,0,0
37849,37848,0,0,0,0
37857,37856,0,0,0,0
37932,37931,0,0,0,0
37935,37934,0,0,0,0
37949,37948,0,0,0,0
37963,37962,0,0,0,0
38043,38040,0,0,0,0
38046,38045,0,0,0,0
38139,38138,0,0,0,0
38177,38176,0,0,0,0
38220,38219,0,0,0,0
38259,38258,0,0,0,0
38271,38270,0,0,0,0
38283,38282,0,0,0,0
38301,38300,0,0,0,0
38326,38325,0,0,0,0
38345,38343,0,0,0,0
38353,38352,0,0,0,0
38361,38360,0,0,0,0
38369,38368,0,0,0,0
38377,38376,0,0,0,0
38385,38384,0,0,0,0
38393,38392,0,0,0,0
38405,38404,0,0,0,0
38416,38415,0,0,0,0
38427,38426,0,0,0,0
38459,38458,0,0,0,0
38476,38475,0,0,0,0
38486,38485,0,0,0,0
38494,38493,0,0,0,0
38503,38502,0,0,0,0
38529,38528,0,0,0,0
38544,38543,0,0,0,0
38556,38555,0,0,0,0
38566,38565,0,0,0,0
38574,38573,0,0,0,0
38586,38585,0,0,0,0
38597,38596,0,0,0,0
38608,38607,0,0,0,0
38620,38619,0,0,0,0
38635,38634,0,0,0,0
38641,38640,0,0,0,0
38647,38646,0,0,0,0
38664,38663,0,0,0,0
39340,39334,0,0,0,0
39344,39343,0,0,0,0
39351,39350,0,0,0,0
39358,39357,0,0,0,0
39366,39365,0,0,0,0
39368,39367,0,0,0,0
39379,39375,0,0,0,0
39383,39381,0,0,0,0
39520,39517,0,0,0,0
39527,39524,0,0,0,0
39546,39543,0,0,0,0
39580,39578,0,0,0,0
39593,39592,0,0,0,0
39598,39597,0,0,0,0
39639,39638,0,0,0,0
39648,39646,0,0,0,0
39654,39652,0,0,0,0
39663,39662,0,0,0,0
39666,39665,0,0,0,0
39673,39672,0,0,0,0
39680,39679,0,0,0,0
39687,39686,0,0,0,0
39694,39693,0,0,0,0
39698,39697,0,0,0,0
39717,39716,0,0,0,0
39729,39728,0,0,0,0
39735,39734,0,0,0,0
39739,39738,0,0,0,0
39745,39744,0,0,0,0
39756,39755,0,0,0,0
39763,39762,0,0,0,0
39769,39768,0,0,0,0
39786,39785,0,0,0,0
39789,39788,0,0,0,0
39795,39794,0,0,0,0
39798,39797,0,0,0,0
39812,39811,0,0,0,0
39814,39813,0,0,0,0
39816,39815,0,0,0,0
39818,39817,0,0,0,0
39823,39822,0,0,0,0
39831,39830,0,0,0,0
39838,39837,0,0,0,0
39848,39847,0,0,0,0
39996,39993,0,0,0,0
40026,40023,0,0,0,0
40071,40070,0,0,0,0
40085,40084,0,0,0,0
40095,40094,0,0,0,0
40103,40102,0,0,0,0
40150,40149,0,0,0,0
40214,40213,0,0,0,0
40247,40246,0,0,0,0
40255,40254,0,0,0,0
