"ID of fileId","ID of moduleId"
927,932
936,932
940,932
944,932
949,932
955,932
971,932
984,932
999,932
1008,932
1013,932
1048,932
1087,932
1326,932
1377,932
1388,932
1392,932
1926,932
1943,932
3280,932
3289,932
6348,932
6408,932
7408,932
7415,932
7445,932
7487,932
7534,932
7538,932
7655,932
7670,932
7678,932
7683,932
7701,932
7707,932
7712,932
7719,932
7740,932
7744,932
7756,932
7799,932
7817,932
7825,932
7831,932
7855,932
7864,932
7868,932
7887,932
7895,932
7900,932
7952,932
7971,932
8017,932
8124,932
8129,932
8150,932
8155,932
8288,932
8295,932
8421,932
8455,932
8465,932
8507,932
8515,932
8534,932
8650,932
8771,932
8811,932
8813,932
8821,932
8826,932
8830,932
8835,932
8879,932
9040,932
9053,932
9057,932
9116,932
9132,932
9586,932
9719,932
9783,932
9789,932
9795,932
9800,932
9804,932
9886,932
10012,932
10023,932
10028,932
10032,932
10037,932
10042,932
10058,932
10247,932
10329,932
10559,932
10619,932
10684,932
10760,932
10806,932
10811,932
10813,932
10848,932
11037,932
11053,932
11069,932
11077,932
11083,932
11095,932
11106,932
11111,932
11287,932
11298,932
11303,932
11312,932
11488,932
11596,932
11612,932
11664,932
11675,932
11680,932
11685,932
11694,932
11708,932
11735,932
11743,932
11811,932
11817,932
11824,932
11835,932
11839,932
11856,932
11865,932
11876,932
11952,932
11973,932
12011,932
12047,932
12084,932
12096,932
12164,932
12168,932
12172,932
12512,932
12669,932
12783,932
12827,932
12866,932
12947,932
12950,932
12982,932
12998,932
13021,932
13061,932
13280,932
13359,932
13368,932
13407,932
13413,932
13424,932
13434,932
13440,932
13452,932
13460,932
13469,932
13503,932
13511,932
13546,932
13554,932
13585,932
13592,932
13598,932
13651,932
13660,932
13689,932
13693,932
13779,932
13819,932
13828,932
13875,932
13903,932
14079,932
14081,932
14148,932
14432,932
14462,932
14537,932
14569,932
14571,932
14592,932
14612,932
14632,932
14652,932
14672,932
14692,932
14712,932
14732,932
14800,932
14806,932
14810,932
14841,932
14896,932
14981,932
15078,932
15153,932
15184,932
15284,932
15361,932
15428,932
15440,932
15544,932
15614,932
15795,932
15872,932
15925,932
16066,932
16068,932
16198,932
16245,932
16253,932
16256,932
16302,932
16499,932
16530,932
16545,932
16586,932
16621,932
17064,932
17072,932
17217,932
17285,932
17308,932
17312,932
17355,932
17367,932
17439,932
17486,932
17521,932
17702,932
17713,932
17770,932
17876,932
17912,932
17927,932
17965,932
18001,932
18016,932
18029,932
18067,932
18085,932
18098,932
18172,932
18195,932
18218,932
18227,932
18241,932
18244,932
18376,932
18457,932
18489,932
18587,932
18671,932
18835,932
18838,932
18848,932
18856,932
18938,932
18989,932
18994,932
19011,932
19021,932
19026,932
19266,932
19435,932
19457,932
19504,932
19517,932
19522,932
19527,932
19545,932
19620,932
19640,932
19650,932
19655,932
19717,932
19755,932
19769,932
19773,932
19783,932
19861,932
19874,932
19965,932
19969,932
19976,932
20089,932
20140,932
20144,932
20150,932
20161,932
20171,932
20237,932
20421,932
20428,932
20580,932
20694,932
20808,932
20922,932
21037,932
21087,932
21203,932
21209,932
21214,932
21219,932
21227,932
21309,932
21324,932
21328,932
21333,932
21345,932
21353,932
21454,932
21480,932
21491,932
21495,932
21500,932
21510,932
21528,932
21534,932
21550,932
21554,932
21591,932
21603,932
21649,932
21701,932
21719,932
21728,932
21766,932
21769,932
21773,932
21793,932
21825,932
21852,932
21887,932
21889,932
21917,932
21978,932
21987,932
21990,932
21998,932
22009,932
22021,932
22033,932
22037,932
22052,932
22054,932
22056,932
22080,932
22083,932
22086,932
22096,932
22228,932
22279,932
22290,932
22307,932
22321,932
22349,932
22358,932
22369,932
22375,932
22387,932
22396,932
22407,932
22418,932
22423,932
22439,932
22454,932
22465,932
22471,932
22479,932
22486,932
22489,932
22515,932
22544,932
22651,932
22658,932
22668,932
22681,932
22706,932
22743,932
22753,932
22765,932
22782,932
22808,932
22823,932
22850,932
22855,932
22870,932
22905,932
22911,932
22929,932
22965,932
23001,932
23046,932
23168,932
23267,932
23283,932
23454,932
23459,932
23500,932
23768,932
23917,932
23997,932
24172,932
24301,932
24376,932
24413,932
24474,932
24762,932
24831,932
24896,932
24924,932
25021,932
25042,932
25116,932
25156,932
25272,932
25288,932
25298,932
25317,932
25430,932
25485,932
25503,932
25534,932
25572,932
25596,932
25633,932
25676,932
25721,932
25809,932
25874,932
25896,932
25911,932
25916,932
25925,932
25954,932
25971,932
26007,932
26054,932
26096,932
26140,932
26859,932
27751,932
27957,932
27962,932
27966,932
28066,932
28088,932
28092,932
28506,932
28520,932
28534,932
28660,932
28931,932
29450,932
29471,932
29554,932
29596,932
29636,932
29677,932
29703,932
29856,932
29940,932
30264,932
30432,932
30468,932
30504,932
30540,932
30544,932
30568,932
30585,932
30617,932
30959,932
31031,932
31034,932
31080,932
31334,932
31338,932
31402,932
31430,932
31619,932
31626,932
31637,932
31724,932
31851,932
32284,932
32294,932
32304,932
32605,932
32616,932
32620,932
32707,932
32762,932
32766,932
32840,932
32846,932
33001,932
33007,932
33015,932
33022,932
33032,932
33037,932
33043,932
33049,932
33090,932
33096,932
33108,932
33118,932
33122,932
33127,932
33132,932
33142,932
33148,932
33156,932
33163,932
33173,932
33178,932
33184,932
33190,932
33201,932
33209,932
33217,932
33317,932
33401,932
33439,932
33500,932
33508,932
33510,932
33628,932
33636,932
33638,932
33760,932
33768,932
33770,932
33895,932
34169,932
34284,932
34293,932
34351,932
34360,932
34471,932
34481,932
34491,932
34555,932
34561,932
34599,932
34612,932
34627,932
34630,932
34638,932
35702,932
35710,932
35714,932
35742,932
35764,932
35768,932
35800,932
35920,932
37596,932
37603,932
37657,932
37668,932
37690,932
37751,932
37760,932
37809,932
37848,932
37856,932
37931,932
37934,932
37948,932
37962,932
38040,932
38045,932
38138,932
38176,932
38219,932
38258,932
38270,932
38282,932
38300,932
38325,932
38343,932
38352,932
38360,932
38368,932
38376,932
38384,932
38392,932
38404,932
38415,932
38426,932
38458,932
38475,932
38485,932
38493,932
38502,932
38528,932
38543,932
38555,932
38565,932
38573,932
38585,932
38596,932
38607,932
38619,932
38634,932
38640,932
38646,932
38663,932
39375,932
39381,932
39517,932
39524,932
39543,932
39578,932
39592,932
39597,932
39638,932
39646,932
39652,932
39662,932
39665,932
39672,932
39679,932
39686,932
39693,932
39697,932
39716,932
39728,932
39734,932
39738,932
39744,932
39755,932
39762,932
39768,932
39785,932
39788,932
39794,932
39797,932
39811,932
39813,932
39815,932
39817,932
39822,932
39830,932
39837,932
39847,932
39993,932
40023,932
40070,932
40084,932
40094,932
40102,932
40149,932
40213,932
40246,932
40254,932
