"ID of id","ID of packageid"
63,68
111,68
221,68
346,68
456,68
588,68
761,68
904,68
927,926
936,926
940,926
944,926
949,947
955,926
971,926
984,982
999,926
1008,1006
1013,1006
1048,982
1087,982
1326,926
1377,926
1388,982
1392,982
1880,68
1926,926
1943,926
2035,68
2123,68
2314,68
2387,68
2391,68
2445,68
2506,2508
2513,2508
2699,68
2703,68
2770,68
2809,68
2912,68
3017,68
3079,68
3186,68
3190,68
3205,68
3240,68
3280,947
3289,3287
3323,68
3392,68
3399,68
3526,68
3531,68
3592,68
3621,68
3680,68
3691,68
3722,68
3729,68
3835,68
3946,68
4079,68
4174,68
4178,68
4193,68
4220,68
4248,68
4252,68
4329,68
4333,68
4528,68
4606,68
4719,68
4856,68
4879,68
4898,68
4902,68
4929,68
4933,68
5024,68
5030,68
5057,68
5084,68
5095,68
5118,68
5183,68
5205,68
5221,68
5319,68
5457,68
5496,68
5527,68
5574,68
5578,68
5615,68
5619,68
5648,68
5652,68
5791,68
5795,68
5824,68
5828,68
5871,68
5875,68
5904,68
5908,68
5921,68
5925,68
5950,68
6132,68
6144,68
6159,68
6168,68
6172,68
6225,68
6229,68
6340,68
6348,947
6352,68
6408,982
6451,68
6773,68
6796,68
6856,68
6877,68
6944,68
7013,68
7132,68
7160,68
7190,68
7244,68
7248,68
7313,68
7315,68
7317,68
7319,68
7321,68
7323,68
7325,68
7327,68
7329,68
7331,68
7333,68
7335,68
7337,68
7339,68
7341,68
7343,68
7345,68
7347,68
7349,68
7351,68
7353,68
7366,68
7368,68
7370,68
7372,68
7374,68
7376,68
7378,68
7380,68
7382,68
7384,68
7386,68
7388,68
7390,68
7392,68
7394,68
7396,68
7398,68
7400,68
7402,68
7404,68
7408,7407
7415,7407
7445,7407
7487,7407
7534,7407
7538,947
7655,7407
7670,7668
7678,7676
7683,7676
7701,7407
7707,7407
7712,7407
7719,7407
7740,7407
7744,7407
7756,7407
7799,7407
7817,7407
7825,7407
7831,7407
7855,7407
7864,7407
7868,947
7887,926
7895,947
7900,7898
7952,7407
7971,7407
8017,7407
8124,7407
8129,7407
8150,7407
8155,7407
8288,7407
8295,7407
8421,7407
8455,7407
8465,7407
8507,7407
8515,7407
8534,7407
8650,7407
8771,7407
8811,7407
8813,7407
8821,7407
8826,7407
8830,7407
8835,7407
8879,947
9040,947
9053,947
9057,947
9116,947
9132,947
9586,9584
9719,9584
9783,947
9789,947
9795,9793
9800,926
9804,9793
9886,926
10012,947
10023,947
10028,947
10032,947
10037,7676
10042,926
10058,926
10247,982
10329,982
10559,926
10619,947
10684,7676
10760,947
10806,947
10811,947
10813,947
10848,947
11037,947
11053,947
11069,947
11077,947
11083,947
11095,947
11106,947
11111,947
11287,947
11298,947
11303,947
11312,947
11488,947
11596,947
11612,947
11664,947
11675,947
11680,947
11685,947
11694,947
11708,947
11735,947
11743,947
11811,947
11817,947
11824,947
11835,947
11839,947
11856,947
11865,947
11876,947
11952,947
11973,947
12011,947
12047,947
12084,947
12096,947
12164,926
12168,926
12172,947
12512,947
12669,947
12783,947
12827,947
12866,947
12947,947
12950,947
12982,947
12998,947
13021,947
13061,947
13280,947
13359,947
13368,947
13407,947
13413,947
13424,947
13434,947
13440,947
13452,13451
13460,13451
13469,13451
13503,13451
13511,13451
13546,13451
13554,7898
13585,7898
13592,7898
13598,7898
13651,7898
13660,7898
13689,7898
13693,3287
13779,13778
13819,13778
13828,13778
13875,13778
13903,13778
14079,13778
14081,13778
14148,13778
14432,13778
14462,13778
14537,13778
14569,13778
14571,13778
14592,13778
14612,13778
14632,13778
14652,13778
14672,13778
14692,13778
14712,13778
14732,13778
14800,3287
14806,3287
14810,3287
14841,3287
14896,3287
14981,3287
15078,3287
15153,3287
15184,3287
15284,3287
15361,3287
15428,3287
15440,3287
15544,3287
15614,3287
15795,3287
15872,3287
15925,3287
16066,3287
16068,3287
16198,3287
16245,3287
16253,3287
16256,3287
16302,3287
16499,3287
16530,3287
16545,3287
16586,3287
16621,3287
17064,3287
17072,3287
17217,3287
17285,7676
17308,3287
17312,3287
17355,3287
17367,3287
17439,3287
17486,3287
17521,3287
17702,3287
17713,17712
17770,17712
17876,17712
17912,17712
17927,17712
17965,17712
18001,17712
18016,17712
18029,17712
18067,17712
18085,17712
18098,17712
18172,17712
18195,17712
18218,17712
18227,17712
18241,7676
18244,7676
18376,9584
18457,9584
18489,9584
18587,9584
18671,9584
18835,9584
18838,9584
18848,9584
18856,9584
18938,9584
18989,9584
18994,9584
19011,9584
19021,9584
19026,19025
19266,19025
19435,19025
19457,19025
19504,19503
19517,19503
19522,19503
19527,19503
19545,19503
19620,19503
19640,19503
19650,19503
19655,19503
19717,19503
19755,19503
19769,19503
19773,19503
19783,19503
19861,19503
19874,19503
19965,926
19969,926
19976,19503
20089,19503
20140,19503
20144,19503
20150,20149
20161,20149
20171,20170
20237,20170
20421,20170
20428,20170
20580,20170
20694,20170
20808,20170
20922,20170
21037,20170
21087,20170
21203,21202
21209,21202
21214,21202
21219,9793
21227,21202
21309,21308
21324,21202
21328,21202
21333,21202
21345,21202
21353,21202
21454,21202
21480,21202
21491,21202
21495,21202
21500,21202
21510,21202
21528,21202
21534,21533
21550,21549
21554,21549
21591,926
21603,21549
21649,21549
21701,21549
21719,21549
21728,21727
21766,21727
21769,21727
21773,21727
21793,21727
21825,21727
21852,21727
21887,21727
21889,21727
21917,21727
21978,21727
21987,21727
21990,21727
21998,21727
22009,21727
22021,21727
22033,21308
22037,21308
22052,21308
22054,21308
22056,21308
22080,21308
22083,21308
22086,21308
22096,22095
22228,22227
22279,22227
22290,22227
22307,22227
22321,22227
22349,22227
22358,22227
22369,22227
22375,22227
22387,22227
22396,22227
22407,22227
22418,22227
22423,22227
22439,22227
22454,22227
22465,22227
22471,22227
22479,22227
22486,22227
22489,22227
22515,22227
22544,22227
22651,22227
22658,22227
22668,22227
22681,22680
22706,22680
22743,22680
22753,22680
22765,22764
22782,22764
22808,22764
22823,22764
22850,22764
22855,22764
22870,22764
22905,22764
22911,22764
22929,22928
22965,22928
23001,22999
23046,22928
23168,22928
23267,22928
23283,22928
23454,22928
23459,23457
23500,23457
23768,22928
23917,22928
23997,22928
24172,22928
24301,22928
24376,22928
24413,22928
24474,22928
24762,23457
24831,23457
24896,23457
24924,23457
25021,23457
25042,23457
25116,23457
25156,25155
25272,25155
25288,25155
25298,25155
25317,25155
25430,25155
25485,25155
25503,25155
25534,25155
25572,25155
25596,25155
25633,25155
25676,25155
25721,22999
25809,22999
25874,22999
25896,22999
25911,22999
25916,22999
25925,22999
25954,22999
25971,22999
26007,26006
26054,26006
26096,26006
26140,26006
26859,926
27751,982
27957,926
27962,926
27966,926
28066,926
28088,926
28092,926
28506,982
28520,982
28534,982
28660,926
28931,926
29450,926
29471,926
29554,926
29596,926
29636,926
29677,926
29703,926
29856,926
29940,926
30264,926
30432,926
30468,926
30504,926
30540,926
30544,926
30568,926
30585,926
30617,926
30959,926
31031,926
31034,926
31080,926
31334,926
31338,926
31402,926
31430,926
31619,9793
31626,9793
31637,9793
31724,9793
31851,9793
32284,982
32294,982
32304,982
32605,9793
32616,9793
32620,9793
32707,9793
32762,9793
32766,9793
32840,9793
32846,32845
33001,982
33007,982
33015,982
33022,982
33032,982
33037,982
33043,982
33049,982
33090,982
33096,982
33108,982
33118,982
33122,982
33127,982
33132,982
33142,982
33148,982
33156,982
33163,982
33173,982
33178,982
33184,982
33190,982
33201,982
33209,982
33217,982
33317,33316
33401,1006
33439,1006
33500,1006
33508,1006
33510,1006
33628,1006
33636,1006
33638,1006
33760,1006
33768,1006
33770,1006
33895,1006
34169,34168
34284,34283
34293,34292
34351,34350
34360,34359
34471,34359
34481,34359
34491,34359
34555,34359
34561,34560
34599,34560
34612,34611
34627,34626
34630,34626
34638,34626
35702,35700
35710,35700
35714,35700
35742,35700
35764,35700
35768,35700
35800,35700
35920,34626
37596,34626
37603,34626
37657,37656
37668,37656
37690,7668
37751,37750
37760,37750
37809,37750
37848,37750
37856,37750
37931,37750
37934,37750
37948,37750
37962,37750
38040,38039
38045,38039
38138,38137
38176,38137
38219,38137
38258,38137
38270,38137
38282,38137
38300,38137
38325,38137
38343,38342
38352,38342
38360,38342
38368,38342
38376,38342
38384,38342
38392,35700
38404,35700
38415,35700
38426,35700
38458,35700
38475,35700
38485,35700
38493,35700
38502,35700
38528,35700
38543,35700
38555,35700
38565,35700
38573,35700
38585,35700
38596,35700
38607,35700
38619,35700
38634,35700
38640,35700
38646,35700
38663,35700
39343,3731
39350,3731
39357,3731
39365,3731
39367,3731
39375,39374
39381,39380
39517,39516
39524,39523
39543,39542
39578,39577
39592,39577
39597,39577
39638,39577
39646,39645
39652,39650
39662,39645
39665,39645
39672,39645
39679,39645
39686,39645
39693,39645
39697,39650
39716,39645
39728,39645
39734,39645
39738,39645
39744,39645
39755,39645
39762,39645
39768,39645
39785,39645
39788,39645
39794,39645
39797,39645
39811,39645
39813,39645
39815,39645
39817,39645
39822,39645
39830,39645
39837,39645
39847,39650
39993,39992
40023,40022
40070,40022
40084,40022
40094,40022
40102,40022
40149,40022
40213,40022
40246,40022
40254,40022
