"ID of id","ID of callable_id"
85,81
93,89
97,89
101,89
105,89
107,89
109,89
127,123
131,123
140,123
144,123
146,123
148,123
150,123
152,123
156,123
159,123
163,123
165,123
170,123
172,123
176,123
178,123
183,123
185,123
189,123
191,123
194,123
198,123
200,123
204,123
206,123
209,123
211,123
236,232
240,232
242,232
246,232
248,232
250,232
254,232
259,232
263,232
265,232
267,232
277,232
279,232
281,232
283,232
287,232
289,232
293,232
295,232
297,232
299,232
301,232
303,232
305,232
307,232
309,232
311,232
313,232
315,232
317,232
319,232
321,232
323,232
325,232
328,232
359,355
363,355
365,355
369,355
373,355
376,355
380,355
385,355
387,355
391,355
395,355
398,355
402,355
416,355
418,355
420,355
422,355
424,355
426,355
428,355
430,355
432,355
434,355
436,355
438,355
440,355
442,355
444,355
446,355
448,355
450,355
452,355
454,355
472,468
476,468
479,468
483,468
487,468
490,468
494,468
498,468
500,468
504,468
506,468
508,468
513,468
515,468
519,468
521,468
523,468
527,468
529,468
533,468
535,468
537,468
541,468
543,468
547,468
549,468
552,468
556,468
558,468
562,468
564,468
566,468
601,597
605,597
609,597
611,597
615,597
619,597
621,597
625,597
641,597
645,597
647,597
651,597
653,597
655,597
657,597
659,597
665,597
667,597
669,597
671,597
673,597
677,597
679,597
683,597
685,597
687,597
689,597
691,597
695,597
699,597
701,597
703,597
705,597
707,597
711,597
713,597
717,597
719,597
721,597
723,597
725,597
729,597
731,597
735,597
737,597
739,597
741,597
743,597
747,597
749,597
753,597
755,597
757,597
759,597
777,773
781,773
783,773
787,773
790,773
794,773
798,773
800,773
804,773
812,773
814,773
818,773
820,773
830,773
832,773
835,773
837,773
839,773
841,773
843,773
845,773
848,773
850,773
852,773
854,773
856,773
858,773
860,773
862,773
864,773
866,773
868,773
870,773
872,773
874,773
876,773
878,773
880,773
882,773
884,773
886,773
888,773
890,773
892,773
894,773
896,773
898,773
900,773
902,773
920,916
924,916
959,916
963,916
965,916
1762,916
1766,916
1784,916
1786,916
1788,916
1790,916
1792,916
1794,916
1796,916
1798,916
1800,916
1802,916
1804,916
1808,916
1812,916
1814,916
1816,916
1818,916
1820,916
1822,916
1824,916
1826,916
1830,916
1832,916
1834,916
1838,916
1840,916
1842,916
1844,916
1846,916
1850,916
1852,916
1854,916
1858,916
1860,916
1862,916
1864,916
1866,916
1868,916
1870,916
1872,916
1874,916
1876,916
1878,916
1904,1900
1908,1900
1913,1900
1917,1900
1919,1900
1924,1900
1929,1900
1933,1900
1936,1900
1941,1900
1946,1900
1950,1900
1953,1900
1958,1900
1960,1900
1964,1900
1966,1900
1971,1900
1973,1900
1977,1900
1979,1900
1984,1900
1986,1900
1990,1900
1992,1900
1995,1900
1997,1900
1999,1900
2001,1900
2003,1900
2005,1900
2007,1900
2009,1900
2048,2044
2052,2044
2056,2044
2058,2044
2065,2061
2069,2061
2073,2061
2075,2061
2081,2077
2085,2077
2089,2077
2095,2077
2097,2077
2099,2077
2101,2077
2103,2077
2105,2077
2136,2132
2140,2132
2144,2132
2146,2132
2150,2132
2154,2132
2156,2132
2160,2132
2176,2132
2180,2132
2182,2132
2184,2132
2186,2132
2190,2132
2192,2132
2194,2132
2196,2132
2198,2132
2202,2132
2204,2132
2206,2132
2208,2132
2212,2132
2214,2132
2216,2132
2218,2132
2220,2132
2224,2132
2226,2132
2228,2132
2230,2132
2234,2132
2236,2132
2238,2132
2240,2132
2242,2132
2246,2132
2248,2132
2252,2132
2254,2132
2256,2132
2258,2132
2260,2132
2264,2132
2266,2132
2270,2132
2272,2132
2274,2132
2276,2132
2278,2132
2282,2132
2284,2132
2288,2132
2290,2132
2292,2132
2294,2132
2296,2132
2300,2132
2302,2132
2306,2132
2308,2132
2310,2132
2312,2132
2327,2323
2331,2323
2335,2323
2337,2323
2339,2323
2341,2323
2343,2323
2355,2323
2359,2323
2361,2323
2363,2323
2367,2323
2369,2323
2371,2323
2373,2323
2377,2323
2379,2323
2383,2323
2385,2323
2408,2404
2412,2404
2414,2404
2419,2397
2424,2395
2430,2426
2434,2426
2439,2390
2443,2390
2459,2454
2465,2461
2469,2461
2476,2471
2482,2478
2526,2523
2527,2523
2531,2523
2533,2523
2542,2535
2591,2586
2595,2586
2611,2586
2613,2586
2615,2586
2617,2586
2619,2586
2621,2586
2623,2586
2625,2586
2627,2586
2629,2586
2631,2586
2633,2586
2635,2586
2637,2586
2639,2586
2641,2586
2643,2586
2645,2586
2647,2586
2649,2586
2651,2586
2783,2779
2787,2779
2789,2779
2796,2779
2799,2779
2803,2779
2805,2779
2807,2779
2816,2779
2826,2812
2842,2812
2844,2812
2846,2812
2848,2812
2850,2812
2852,2812
2856,2812
2858,2812
2860,2812
2862,2812
2864,2812
2866,2812
2868,2812
2871,2812
2874,2812
2879,2812
2885,2812
2887,2812
2897,2779
2899,2779
2902,2779
2904,2779
2906,2779
2908,2779
2910,2779
2925,2921
2929,2921
2931,2921
2935,2921
2939,2921
2941,2921
2945,2921
2949,2921
2951,2921
2965,2921
2967,2921
2969,2921
2971,2921
2973,2921
2975,2921
2977,2921
2979,2921
2981,2921
2983,2921
2985,2921
2987,2921
2989,2921
2991,2921
2993,2921
2995,2921
2997,2921
2999,2921
3001,2921
3003,2921
3030,3026
3034,3026
3036,3026
3040,3026
3048,3026
3052,3026
3056,3026
3060,3026
3063,3026
3065,3026
3069,3026
3071,3026
3073,3026
3075,3026
3077,3026
3092,3088
3096,3088
3098,3088
3102,3088
3106,3088
3108,3088
3112,3088
3116,3088
3120,3088
3122,3088
3124,3088
3128,3088
3132,3088
3134,3088
3136,3088
3140,3088
3144,3088
3146,3088
3148,3088
3152,3088
3156,3088
3158,3088
3160,3088
3164,3088
3168,3088
3170,3088
3172,3088
3176,3088
3180,3088
3182,3088
3184,3088
3218,3214
3222,3214
3226,3214
3228,3214
3230,3214
3232,3214
3234,3214
3236,3214
3253,3249
3257,3249
3263,3249
3267,3249
3269,3249
3271,3249
3273,3249
3275,3249
3295,3249
3303,3249
3307,3249
3309,3249
3311,3249
3313,3249
3315,3249
3317,3249
3319,3249
3336,3332
3340,3332
3346,3332
3350,3332
3352,3332
3354,3332
3356,3332
3358,3332
3360,3332
3362,3332
3366,3332
3368,3332
3370,3332
3372,3332
3374,3332
3376,3332
3378,3332
3410,3398
3414,3398
3416,3398
3420,3398
3422,3398
3424,3398
3429,3398
3431,3398
3435,3398
3437,3398
3439,3398
3443,3398
3445,3398
3449,3398
3451,3398
3454,3398
3462,3398
3464,3398
3468,3398
3472,3398
3474,3398
3478,3398
3482,3398
3484,3398
3486,3398
3488,3398
3490,3398
3492,3398
3494,3398
3496,3398
3498,3398
3500,3398
3502,3398
3505,3398
3507,3398
3509,3398
3511,3398
3513,3398
3516,3398
3539,3536
3540,3536
3544,3536
3547,3536
3548,3536
3552,3536
3554,3536
3556,3536
3560,3536
3561,3536
3565,3536
3574,3567
3606,3558
3612,3558
3614,3558
3616,3558
3634,3630
3638,3630
3640,3630
3644,3630
3648,3630
3650,3630
3654,3630
3656,3630
3658,3630
3662,3630
3666,3630
3668,3630
3670,3630
3674,3630
3676,3630
3678,3630
3702,3690
3706,3690
3708,3690
3710,3690
3712,3690
3718,3714
3748,3741
3752,3741
3754,3741
3756,3741
3758,3741
3767,3760
3771,3760
3773,3760
3775,3760
3777,3760
3785,3779
3789,3779
3791,3779
3793,3779
3795,3779
3804,3797
3808,3797
3810,3797
3812,3797
3814,3797
3823,3816
3827,3816
3829,3816
3831,3816
3833,3816
3848,3844
3852,3844
3854,3844
3858,3844
3862,3844
3864,3844
3868,3844
3882,3844
3886,3844
3888,3844
3890,3844
3894,3844
3896,3844
3898,3844
3902,3844
3904,3844
3906,3844
3910,3844
3912,3844
3914,3844
3918,3844
3920,3844
3922,3844
3926,3844
3928,3844
3963,3959
3967,3959
3969,3959
3975,3959
3977,3959
3981,3959
3987,3959
3989,3959
3993,3959
3995,3959
3997,3959
4001,3959
4003,3959
4005,3959
4009,3959
4013,3959
4015,3959
4017,3959
4019,3959
4021,3959
4023,3959
4025,3959
4027,3959
4029,3959
4033,3959
4035,3959
4041,3959
4043,3959
4045,3959
4047,3959
4049,3959
4051,3959
4053,3959
4057,3959
4063,3959
4065,3959
4067,3959
4069,3959
4092,4088
4096,4088
4098,4088
4102,4088
4106,4088
4108,4088
4112,4088
4116,4088
4118,4088
4122,4088
4124,4088
4126,4088
4130,4088
4132,4088
4136,4088
4140,4088
4142,4088
4146,4088
4148,4088
4150,4088
4154,4088
4156,4088
4160,4088
4162,4088
4164,4088
4166,4088
4168,4088
4189,4185
4206,4202
4210,4202
4212,4202
4214,4202
4216,4202
4236,4229
4240,4229
4242,4229
4244,4229
4246,4229
4263,4259
4267,4259
4271,4259
4275,4259
4279,4259
4283,4259
4285,4259
4289,4259
4291,4259
4293,4259
4295,4259
4299,4259
4301,4259
4303,4259
4307,4259
4311,4259
4313,4259
4315,4259
4319,4259
4323,4259
4325,4259
4327,4259
4350,4346
4354,4346
4356,4346
4360,4346
4362,4346
4364,4346
4366,4346
4369,4346
4374,4368
4378,4368
4382,4368
4388,4368
4390,4368
4394,4368
4398,4368
4401,4368
4403,4368
4405,4368
4410,4400
4414,4400
4418,4400
4424,4400
4426,4400
4430,4400
4434,4400
4436,4400
4438,4400
4440,4400
4445,4337
4448,4337
4451,4337
4457,4337
4461,4337
4463,4337
4465,4337
4467,4337
4469,4337
4471,4337
4473,4337
4475,4337
4477,4337
4479,4337
4481,4337
4483,4337
4488,4332
4491,4332
4494,4332
4500,4332
4504,4332
4506,4332
4508,4332
4510,4332
4512,4332
4514,4332
4516,4332
4518,4332
4520,4332
4522,4332
4524,4332
4526,4332
4544,4540
4548,4540
4550,4540
4554,4540
4556,4540
4560,4540
4562,4540
4566,4540
4568,4540
4576,4540
4578,4540
4581,4540
4583,4540
4585,4540
4587,4540
4589,4540
4591,4540
4593,4540
4595,4540
4597,4540
4599,4540
4601,4540
4604,4540
4619,4615
4623,4615
4625,4615
4629,4615
4631,4615
4633,4615
4637,4615
4639,4615
4643,4615
4645,4615
4647,4615
4651,4615
4653,4615
4657,4615
4659,4615
4661,4615
4665,4615
4669,4615
4671,4615
4673,4615
4677,4615
4681,4615
4683,4615
4685,4615
4689,4615
4693,4615
4695,4615
4697,4615
4732,4728
4736,4728
4740,4728
4742,4728
4746,4728
4750,4728
4752,4728
4756,4728
4760,4728
4764,4728
4768,4728
4772,4728
4774,4728
4776,4728
4780,4728
4784,4728
4788,4728
4792,4728
4794,4728
4796,4728
4800,4728
4804,4728
4806,4728
4810,4728
4814,4728
4816,4728
4818,4728
4822,4728
4826,4728
4828,4728
4830,4728
4834,4728
4838,4728
4840,4728
4842,4728
4846,4728
4850,4728
4852,4728
4854,4728
4869,4865
4875,4871
4890,4886
4896,4892
4908,4905
4909,4905
4913,4905
4922,4915
4945,4941
4949,4941
4951,4941
4955,4941
4959,4941
4965,4961
4969,4961
4974,4932
4982,4978
4986,4978
4992,4988
4996,4988
5002,4998
5006,4998
5039,5036
5040,5036
5044,5036
5066,5063
5067,5063
5071,5063
5102,5099
5103,5099
5107,5099
5131,5127
5135,5127
5137,5127
5141,5127
5146,5127
5148,5127
5157,5127
5162,5127
5164,5127
5169,5127
5171,5127
5174,5127
5176,5127
5178,5127
5180,5127
5193,5173
5197,5173
5199,5173
5201,5173
5203,5173
5215,5182
5237,5233
5241,5233
5244,5233
5248,5233
5250,5233
5255,5233
5257,5233
5261,5233
5271,5233
5273,5233
5276,5233
5278,5233
5281,5233
5283,5233
5286,5233
5288,5233
5290,5233
5292,5233
5295,5233
5297,5233
5300,5233
5302,5233
5304,5233
5332,5328
5336,5328
5338,5328
5342,5328
5344,5328
5348,5328
5352,5328
5354,5328
5358,5328
5370,5328
5374,5328
5376,5328
5378,5328
5380,5328
5382,5328
5384,5328
5386,5328
5390,5328
5392,5328
5394,5328
5396,5328
5398,5328
5400,5328
5402,5328
5406,5328
5408,5328
5410,5328
5412,5328
5414,5328
5416,5328
5418,5328
5422,5328
5424,5328
5426,5328
5428,5328
5430,5328
5432,5328
5434,5328
5438,5328
5440,5328
5442,5328
5445,5328
5447,5328
5449,5328
5451,5328
5453,5328
5455,5328
5470,5466
5474,5466
5476,5466
5480,5466
5482,5466
5486,5466
5488,5466
5490,5466
5492,5466
5509,5505
5515,5505
5517,5505
5519,5505
5521,5505
5523,5505
5525,5505
5540,5536
5544,5536
5546,5536
5550,5536
5552,5536
5554,5536
5558,5536
5560,5536
5562,5536
5564,5536
5566,5536
5568,5536
5591,5577
5594,5577
5597,5577
5601,5577
5603,5577
5605,5577
5607,5577
5609,5577
5611,5577
5613,5577
5630,5618
5634,5618
5640,5618
5642,5618
5644,5618
5646,5618
5669,5657
5672,5657
5675,5657
5679,5657
5681,5657
5685,5657
5687,5657
5689,5657
5691,5657
5693,5657
5695,5657
5697,5657
5699,5657
5701,5657
5703,5657
5707,5657
5712,5654
5715,5654
5718,5654
5722,5654
5724,5654
5728,5654
5734,5654
5736,5654
5740,5654
5742,5654
5744,5654
5748,5654
5754,5654
5756,5654
5760,5654
5762,5654
5764,5654
5766,5654
5768,5654
5772,5654
5774,5654
5776,5654
5778,5654
5780,5654
5782,5654
5787,5651
5806,5794
5810,5794
5812,5794
5816,5794
5818,5794
5820,5794
5840,5827
5843,5827
5849,5827
5853,5827
5855,5827
5857,5827
5859,5827
5861,5827
5863,5827
5867,5827
5869,5827
5886,5874
5890,5874
5892,5874
5896,5874
5898,5874
5900,5874
5919,5915
5936,5932
5940,5932
5944,5932
5946,5932
5948,5932
5966,5962
5970,5962
5972,5962
5976,5962
5978,5962
5980,5962
5984,5962
5986,5962
5988,5962
6002,5962
6004,5962
6006,5962
6008,5962
6010,5962
6012,5962
6014,5962
6017,5962
6019,5962
6023,5962
6029,5962
6031,5962
6034,5962
6036,5962
6038,5962
6040,5962
6042,5962
6044,5962
6050,6046
6054,6046
6056,6046
6060,6046
6064,6046
6066,6046
6070,6046
6074,6046
6076,6046
6080,6046
6084,6046
6086,6046
6096,6046
6098,6046
6100,6046
6102,6046
6104,6046
6106,6046
6108,6046
6110,6046
6112,6046
6114,6046
6184,6171
6187,6171
6191,6171
6193,6171
6197,6171
6201,6171
6203,6171
6207,6171
6213,6171
6217,6171
6219,6171
6221,6171
6223,6171
6241,6228
6244,6228
6248,6228
6250,6228
6254,6228
6258,6228
6260,6228
6270,6228
6272,6228
6274,6228
6278,6228
6280,6228
6282,6228
6284,6228
6286,6228
6290,6228
6292,6228
6296,6228
6300,6228
6312,6228
6316,6228
6318,6228
6320,6228
6322,6228
6324,6228
6326,6228
6328,6228
6330,6228
6334,6228
6336,6228
6338,6228
6358,6355
6359,6355
6363,6355
6365,6355
6438,6434
6442,6434
6445,6434
6449,6434
6475,6434
6477,6434
6479,6434
6490,6471
6492,6471
6496,6471
6501,6471
6761,6471
6765,6434
6767,6434
6771,6434
6777,6434
6779,6434
6781,6434
6788,6434
6790,6434
6792,6434
6794,6434
6818,6814
6822,6814
6828,6814
6830,6814
6834,6814
6838,6814
6840,6814
6842,6814
6848,6844
6852,6844
6867,6863
6871,6863
6890,6886
6894,6886
6896,6886
6900,6886
6902,6886
6906,6886
6910,6886
6912,6886
6916,6886
6918,6886
6920,6886
6926,6886
6930,6886
6932,6886
6934,6886
6936,6886
6938,6886
6940,6886
6942,6886
6957,6953
6961,6953
6963,6953
6967,6953
6971,6953
6973,6953
6977,6953
6981,6953
6983,6953
6987,6953
6991,6953
6993,6953
6997,6953
6999,6953
7001,6953
7005,6953
7007,6953
7009,6953
7011,6953
7026,7022
7030,7022
7032,7022
7036,7022
7038,7022
7042,7022
7046,7022
7048,7022
7052,7022
7058,7022
7060,7022
7064,7022
7066,7022
7068,7022
7072,7022
7074,7022
7076,7022
7080,7022
7082,7022
7086,7022
7088,7022
7090,7022
7094,7022
7104,7022
7106,7022
7108,7022
7110,7022
7112,7022
7114,7022
7118,7022
7120,7022
7124,7022
7128,7022
7130,7022
7139,7136
7140,7136
7145,7136
7166,7163
7167,7163
7171,7163
7186,7178
7198,7195
7199,7195
7203,7195
7213,7189
7216,7189
7220,7189
7222,7189
7224,7189
7254,7251
7255,7251
7259,7251
7268,7261
7280,7275
7284,7275
7286,7275
7290,7275
7294,7275
7296,7275
7300,7275
