"ID of id","nodeName","pos","kind","ID of parentid"
974,"T",0,0,948
1017,"E",0,0,943
1094,"T",0,0,1093
1104,"T",0,0,1103
1136,"E",0,0,939
1158,"T",0,0,1157
1185,"E",0,0,1184
1196,"E",0,0,1195
1205,"E",0,0,1204
1220,"E",0,0,1219
1234,"E",0,0,1233
1247,"E",0,0,1246
1259,"E",0,0,1258
1270,"E",0,0,1269
1280,"E",0,0,1279
1289,"E",0,0,1288
1297,"E",0,0,1296
1304,"E",0,0,1303
1310,"E",0,0,1309
1315,"E",0,0,954
1439,"T",0,0,1438
1475,"E",0,0,935
1545,"E",0,0,906
1694,"E",0,0,1693
1702,"T",0,0,1701
6370,"T",0,0,6347
6413,"S",0,0,6412
7540,"T",0,0,7537
7878,"T",0,0,7877
7892,"E",0,0,7867
9458,"F",0,0,3288
9466,"T",0,0,3279
9517,"A",0,0,9516
9525,"A",0,0,9524
9531,"A",0,0,9530
9541,"A",0,0,9540
9546,"U",0,0,9545
10047,"K",0,0,10046
10048,"V",1,0,10046
10061,"K",0,0,10060
10062,"V",1,0,10060
10073,"K",0,0,10072
10074,"V",1,0,10072
10086,"K",0,0,10085
10087,"V",1,0,10085
10110,"K",0,0,10109
10111,"V",1,0,10109
10132,"K",0,0,10131
10133,"V",1,0,10131
10152,"K",0,0,10151
10153,"V",1,0,10151
10170,"K",0,0,10169
10171,"V",1,0,10169
10186,"K",0,0,10185
10187,"V",1,0,10185
10200,"K",0,0,10199
10201,"V",1,0,10199
10212,"K",0,0,10211
10213,"V",1,0,10211
10222,"K",0,0,10221
10223,"V",1,0,10221
10230,"K",0,0,10229
10231,"V",1,0,10229
10236,"K",0,0,10235
10237,"V",1,0,10235
10239,"K",0,0,1887
10240,"V",1,0,1887
10425,"K",0,0,9799
10426,"V",1,0,9799
10485,"K",0,0,10484
10486,"V",1,0,10484
10491,"K",0,0,10041
10494,"V",1,0,10041
10622,"T",0,0,10621
10634,"T",0,0,10633
10646,"T",0,0,10645
10654,"T",0,0,10653
10663,"T",0,0,10662
10672,"T",0,0,10027
10679,"T",0,0,7682
10730,"T",0,0,10036
10763,"T",0,0,10031
10773,"T",0,0,10034
10776,"T",0,0,10775
10945,"E",0,0,7894
10956,"T",0,0,7899
10981,"T",0,0,10980
10985,"T",0,0,10984
10990,"T",0,0,10989
10997,"T",0,0,10996
11021,"E",0,0,11020
11499,"T",0,0,11498
11760,"A",0,0,11759
11768,"A",0,0,11767
11774,"A",0,0,11773
11784,"A",0,0,11783
12134,"T",0,0,12133
12266,"R",0,0,12265
13698,"F",0,0,13692
13708,"M",1,0,13692
14813,"T",0,0,14809
14850,"S",2,0,14809
14915,"K",1,0,14809
14929,"T",0,0,14928
14991,"X",0,0,14990
15060,"X",0,0,15059
15908,"NoSuchMemberException",0,0,15907
16398,"T",0,0,16397
16511,"T",0,0,16510
16898,"T",0,0,16897
17032,"T",0,0,17031
17038,"T",0,0,17037
17048,"T",0,0,17047
17066,"T",0,0,17063
18255,"T",0,0,7677
18288,"T",0,0,10683
18329,"T",0,0,17280
18393,"T",0,0,18392
18401,"T",0,0,18400
18407,"T",0,0,18406
18417,"T",0,0,18416
18461,"T",0,0,18460
18469,"T",0,0,18468
18474,"T",0,0,18473
18483,"T",0,0,18482
18494,"T",0,0,18493
18500,"T",0,0,9585
18512,"T",0,0,18511
18599,"T",0,0,18598
18607,"T",0,0,18606
18676,"T",0,0,18675
18684,"T",0,0,18683
18865,"T",0,0,18864
18942,"T",0,0,18941
18950,"T",0,0,18949
18956,"T",0,0,18955
18964,"T",0,0,18963
19001,"T",0,0,19000
19014,"D",0,0,9714
21230,"A",0,0,21229
21242,"A",0,0,21241
21265,"A",0,0,21264
21272,"A",0,0,21271
21336,"V",0,0,21226
21337,"A",1,0,21226
21772,"T",0,0,21768
21779,"T",0,0,21771
21800,"V",0,0,21799
21983,"T",0,0,21912
21992,"T",0,0,21919
22049,"T",0,0,21303
22113,"A",0,0,22112
22121,"V",0,0,22120
22467,"T",0,0,22464
22481,"T",0,0,22478
23006,"R",0,0,23005
23205,"R",0,0,23204
23355,"R",0,0,23354
23503,"D",0,0,23458
23520,"R",0,0,23519
23611,"R",0,0,23610
23808,"R",0,0,23807
23948,"R",0,0,23947
24039,"R",0,0,24038
24210,"R",0,0,24209
24438,"R",0,0,24437
24511,"R",0,0,24510
24574,"D",0,0,23499
24617,"R",0,0,24616
24861,"R",0,0,24860
25029,"R",0,0,25028
25182,"T",0,0,25181
25491,"R",0,0,25490
25579,"R",0,0,25578
25751,"R",0,0,25750
25842,"R",0,0,25841
25899,"R",0,0,25898
25933,"R",0,0,25932
25950,"R",0,0,23000
25961,"R",0,0,25960
26438,"E",0,0,12167
26516,"E",0,0,26515
26526,"E",0,0,26525
26535,"E",0,0,26534
26550,"E",0,0,26549
26564,"E",0,0,26563
26577,"E",0,0,26576
26589,"E",0,0,26588
26600,"E",0,0,26599
26610,"E",0,0,26609
26619,"E",0,0,26618
26627,"E",0,0,26626
26634,"E",0,0,26633
26640,"E",0,0,26639
26645,"E",0,0,1890
26685,"T",0,0,26684
26863,"T",0,0,26862
26879,"T",0,0,26878
26981,"T",0,0,26980
26997,"T",0,0,26996
27015,"T",0,0,27014
27033,"T",0,0,27032
27187,"T",0,0,27186
27197,"T",0,0,27196
27226,"T",0,0,27225
27235,"T",0,0,27234
27263,"T",0,0,27262
27274,"T",0,0,27273
27328,"T",0,0,27327
27370,"T",0,0,27369
27371,"U",1,0,27369
27387,"T",0,0,27386
27419,"T",0,0,27418
27420,"U",1,0,27418
27435,"T",0,0,27434
27514,"T",0,0,27513
27530,"T",0,0,27529
27634,"T",0,0,27633
27648,"T",0,0,27647
27757,"T",0,0,27756
27770,"T",0,0,27769
27781,"T",0,0,27780
27794,"T",0,0,27793
27811,"T",0,0,27810
27824,"T",0,0,27823
27835,"T",0,0,27834
27850,"T",0,0,27849
27969,"T",0,0,27968
27976,"E",0,0,27975
27983,"T",0,0,27982
28007,"T",0,0,28006
28017,"T",0,0,28016
28023,"T",0,0,28022
28028,"T",0,0,28027
28032,"T",0,0,28031
28039,"K",0,0,28038
28040,"V",1,0,28038
28045,"T",0,0,28044
28051,"T",0,0,28050
28055,"E",0,0,28054
28059,"T",0,0,28058
28069,"K",0,0,28068
28070,"V",1,0,28068
28075,"K",0,0,28074
28076,"V",1,0,28074
28079,"K",0,0,1981
28080,"V",1,0,1981
28082,"T",0,0,1968
28095,"E",0,0,28094
28102,"E",0,0,28101
28107,"T",0,0,1994
28112,"T",0,0,28111
28115,"T",0,0,28114
28119,"T",0,0,28118
28122,"K",0,0,28121
28123,"V",1,0,28121
28133,"K",0,0,28132
28134,"V",1,0,28132
28143,"K",0,0,28142
28144,"V",1,0,28142
28152,"E",0,0,28151
28160,"E",0,0,28159
28170,"E",0,0,28169
28179,"E",0,0,28178
28187,"E",0,0,28186
28195,"T",0,0,28194
28202,"E",0,0,28201
28209,"K",0,0,28208
28210,"V",1,0,28208
28216,"K",0,0,28215
28217,"V",1,0,28215
28222,"K",0,0,28221
28223,"V",1,0,28221
28227,"T",0,0,28226
28234,"T",0,0,28233
28240,"T",0,0,28239
28248,"T",0,0,28247
28255,"T",0,0,28254
28262,"T",0,0,28261
28268,"T",0,0,28267
28274,"T",0,0,28273
28279,"K",0,0,28278
28280,"V",1,0,28278
28291,"K",0,0,28290
28292,"V",1,0,28290
28301,"K",0,0,28300
28302,"V",1,0,28300
28311,"T",0,0,28310
28322,"T",0,0,28321
28330,"T",0,0,28329
28337,"T",0,0,28336
28348,"T",0,0,28347
28363,"T",0,0,28362
28374,"T",0,0,28373
28386,"T",0,0,28385
28398,"T",0,0,28397
28410,"T",0,0,28409
28422,"T",0,0,28421
28436,"T",0,0,28435
28456,"T",0,0,28455
28470,"T",0,0,28469
28482,"T",0,0,28481
28493,"T",0,0,28492
28502,"T",0,0,1376
28510,"T",0,0,28509
28524,"T",0,0,28523
28538,"T",0,0,28537
28547,"T",0,0,28546
28548,"U",1,0,28546
28563,"T",0,0,28562
28564,"U",1,0,28562
28580,"T",0,0,28579
28589,"T",0,0,28588
28598,"T",0,0,28597
28606,"T",0,0,28605
28628,"U",0,0,28627
28639,"U",0,0,28638
28804,"E",0,0,27961
28858,"E",0,0,27965
28914,"K",0,0,19968
28915,"V",1,0,19968
28951,"E",0,0,12163
29074,"E",0,0,29073
29093,"E",0,0,29092
29113,"E",0,0,29112
29129,"E",0,0,29128
29144,"E",0,0,29143
29158,"E",0,0,29157
29171,"E",0,0,29170
29183,"E",0,0,29182
29195,"E",0,0,29194
29207,"E",0,0,29206
29220,"E",0,0,29219
29233,"E",0,0,29232
29256,"E",0,0,9885
29261,"K",0,0,19964
29262,"V",1,0,19964
29477,"E",0,0,998
29531,"E",0,0,1325
29878,"K",0,0,10057
29879,"V",1,0,10057
29881,"K",0,0,29880
29882,"V",1,0,29880
29891,"K",0,0,29890
29892,"V",1,0,29890
29902,"K",0,0,29901
29903,"V",1,0,29901
29913,"K",0,0,29912
29914,"V",1,0,29912
29923,"K",0,0,29922
29928,"V",1,0,29922
29953,"K",0,0,28065
29954,"V",1,0,28065
30039,"K",0,0,21590
30040,"V",1,0,21590
30124,"E",0,0,28087
30204,"E",0,0,28091
30291,"T",0,0,30290
30295,"T",0,0,30294
30303,"T",0,0,30302
30311,"T",0,0,30310
30316,"T",0,0,30315
30320,"T",0,0,30319
30343,"T",0,0,7886
30351,"X",0,0,30350
30380,"U",0,0,30379
30395,"U",0,0,30394
30418,"T",0,0,30417
30423,"T",0,0,30422
30428,"T",0,0,30427
30441,"X",0,0,30440
30477,"X",0,0,30476
30513,"X",0,0,30512
30556,"T_CONS",1,0,30543
30606,"T",0,0,30543
31342,"T",0,0,970
31380,"T_CONS",1,0,31337
31391,"T_SPLITR",2,0,31337
31461,"T",0,0,31337
31504,"K",0,0,10558
31505,"V",1,0,10558
31621,"V",0,0,31618
31639,"E",2,0,31636
31691,"K",0,0,31636
31692,"V",1,0,31636
31701,"T",0,0,31700
31726,"K",0,0,31723
31727,"V",1,0,31723
31853,"K",0,0,31850
31854,"V",1,0,31850
31888,"K",0,0,9794
31889,"V",1,0,9794
32000,"K",0,0,9803
32001,"V",1,0,9803
32105,"U",0,0,32104
32125,"U",0,0,32124
32135,"U",0,0,32134
32176,"U",0,0,32175
32192,"U",0,0,32191
32200,"U",0,0,32199
32239,"U",0,0,32238
32257,"U",0,0,32256
32265,"U",0,0,32264
32313,"U",0,0,32312
32326,"U",0,0,32325
32334,"U",0,0,32333
32352,"K",0,0,32351
32353,"V",1,0,32351
32380,"K",0,0,32379
32388,"K",0,0,32387
32486,"K",0,0,32485
32487,"V",1,0,32485
32497,"K",0,0,32496
32498,"V",1,0,32496
32509,"K",0,0,32508
32510,"V",1,0,32508
32624,"T",0,0,32623
32639,"T",0,0,32638
32650,"T",0,0,32649
32666,"T",0,0,32665
32683,"T",0,0,32682
32690,"T",0,0,32689
32745,"V",0,0,21218
32920,"T",0,0,10328
32921,"U",1,0,10328
32936,"T",0,0,10246
32937,"U",1,0,10246
32938,"R",2,0,10246
32941,"V",0,0,32940
32954,"T",0,0,27750
32970,"T",0,0,32969
32981,"T",0,0,32980
32991,"T",0,0,983
33017,"R",0,0,33014
33059,"T",0,0,1391
33060,"R",1,0,1391
33063,"T",0,0,33062
33067,"V",0,0,33066
33078,"V",0,0,33077
33103,"R",0,0,1086
33158,"R",0,0,33155
33203,"T",0,0,33200
33211,"T",0,0,33208
33219,"T",0,0,33216
33224,"T",0,0,1047
33229,"T",0,0,33228
33238,"T",0,0,33237
33253,"T",0,0,6407
33256,"T",0,0,32303
33257,"U",1,0,32303
33262,"T",0,0,28505
33266,"T",0,0,32283
33267,"U",1,0,32283
33272,"T",0,0,28533
33276,"T",0,0,32293
33277,"U",1,0,32293
33282,"T",0,0,28519
33286,"T",0,0,1387
33311,"T",0,0,33310
33386,"T",0,0,1012
33387,"S",1,0,1012
33441,"T",0,0,33428
33442,"A",1,0,33428
33443,"R",2,0,33428
33446,"T",0,0,33445
33447,"A",1,0,33445
33448,"R",2,0,33445
33466,"T",0,0,33465
33467,"R",1,0,33465
33568,"R",0,0,33567
33615,"U",0,0,33614
33702,"R",0,0,33701
33747,"U",0,0,33746
33835,"R",0,0,33834
33882,"U",0,0,33881
33897,"T",0,0,33894
33916,"T",0,0,1007
33930,"T",0,0,33929
33940,"T",0,0,33939
33949,"T",0,0,33948
33964,"T",0,0,33963
33974,"T",0,0,33973
33983,"T",0,0,33982
33988,"T",0,0,33987
33993,"T",0,0,33992
33997,"T",0,0,33996
34027,"R",0,0,34026
34028,"A",1,0,34026
34032,"R",0,0,34031
34043,"U",0,0,34042
34063,"A",0,0,34062
34110,"R",0,0,34109
34133,"R",0,0,34132
34158,"R",0,0,34157
34182,"T",0,0,34181
34189,"T",0,0,34188
34198,"T",0,0,34197
34212,"T",0,0,34211
34225,"T",0,0,34224
34235,"T",0,0,34234
34245,"T",0,0,34244
34254,"T",0,0,34253
35717,"V",0,0,35716
35719,"E",1,0,35716
35721,"M",2,0,35716
35745,"V",0,0,35744
35747,"E",1,0,35744
35771,"V",0,0,35770
35773,"E",1,0,35770
35775,"S",2,0,35770
35778,"M",3,0,35770
35803,"V",0,0,35802
35805,"E",1,0,35802
35807,"S",2,0,35802
37709,"T",0,0,7669
37992,"T",0,0,37991
38005,"T",0,0,38004
38237,"R",0,0,38236
38286,"V",0,0,38285
38296,"T",0,0,38295
38307,"T",0,0,38306
38394,"VM",0,0,38391
38396,"M",1,0,38391
38406,"V",0,0,38403
38409,"M",1,0,38403
38417,"VM",0,0,38414
38419,"S",1,0,38414
38428,"V",0,0,38425
38430,"S",1,0,38425
38436,"C",0,0,35799
38437,"VM",1,0,35799
38439,"S",2,0,35799
38445,"C",0,0,35767
38446,"V",1,0,35767
38448,"S",2,0,35767
38450,"M",3,0,35767
38460,"C",0,0,38457
38461,"V",1,0,38457
38463,"S",2,0,38457
38465,"M",3,0,38457
38477,"V",0,0,38474
38479,"M",1,0,38474
38487,"S",0,0,38484
38489,"SH",1,0,38484
38504,"V",0,0,38501
38506,"SH",1,0,38501
38510,"C",0,0,35713
38511,"V",1,0,35713
38513,"M",2,0,35713
38520,"C",0,0,35741
38521,"V",1,0,35741
38530,"C",0,0,38527
38531,"V",1,0,38527
38533,"M",2,0,38527
38545,"V",0,0,38542
38547,"M",1,0,38542
38557,"V",0,0,38554
38559,"M",1,0,38554
38567,"V",0,0,38564
38575,"V",0,0,38572
38581,"E",0,0,35701
38587,"V",0,0,38584
38589,"M",1,0,38584
38598,"V",0,0,38595
38600,"M",1,0,38595
38609,"V",0,0,38606
38611,"M",1,0,38606
38621,"VOUT",0,0,38618
38623,"VIN",1,0,38618
38625,"S",2,0,38618
38630,"E",0,0,35709
38636,"M",0,0,38633
38648,"V",0,0,38645
38650,"SH",1,0,38645
38652,"M",2,0,38645
38658,"E",0,0,38492
38661,"E",0,0,35763
38672,"M",0,0,38671
38674,"E",1,0,38671
38688,"VP",0,0,38687
38694,"V",0,0,38693
38696,"E",2,0,38693
38698,"M",1,0,38693
38720,"VOUT",0,0,38719
38722,"VIN",1,0,38719
38724,"S",2,0,38719
38740,"V",0,0,38739
38742,"E",2,0,38739
38744,"M",1,0,38739
38767,"V",0,0,38766
38769,"E",2,0,38766
38771,"M",1,0,38766
38791,"V",0,0,38790
38793,"E",3,0,38790
38795,"SH",1,0,38790
38798,"M",2,0,38790
38820,"V",0,0,38819
38822,"E",2,0,38819
38824,"M",1,0,38819
38844,"M",0,0,38843
38846,"E",1,0,38843
38860,"C",0,0,38859
38861,"V",1,0,38859
38863,"E",4,0,38859
38865,"W",2,0,38859
38868,"M",3,0,38859
38897,"C",0,0,38896
38898,"V",1,0,38896
38900,"E",3,0,38896
38902,"M",2,0,38896
38924,"C",0,0,38923
38925,"V",1,0,38923
38940,"C",0,0,38939
38941,"V",1,0,38939
38943,"W",2,0,38939
38945,"S",3,0,38939
38947,"E",5,0,38939
38949,"M",4,0,38939
38975,"C",0,0,38974
38976,"V",1,0,38974
38978,"E",2,0,38974
38979,"S",3,0,38974
38982,"M",4,0,38974
39005,"C",0,0,39004
39006,"VM",1,0,39004
39008,"E",2,0,39004
39009,"S",3,0,39004
39029,"V",0,0,39028
39031,"E",2,0,39028
39033,"M",1,0,39028
39057,"VM",0,0,39056
39059,"M",1,0,39056
39061,"E",2,0,39056
39083,"V",0,0,39082
39085,"E",2,0,39082
39087,"M",1,0,39082
39109,"V",0,0,39108
39111,"E",1,0,39108
39128,"V",0,0,39127
39130,"E",1,0,39127
39146,"V",0,0,39145
39148,"E",2,0,39145
39150,"M",1,0,39145
39172,"V",0,0,39171
39174,"E",1,0,39171
39176,"S",2,0,39171
39193,"V",0,0,39192
39195,"E",2,0,39192
39197,"SH",1,0,39192
39217,"E",0,0,39216
39218,"S",1,0,39216
39221,"SH",2,0,39216
39240,"VM",0,0,39239
39242,"S",1,0,39239
39244,"E",2,0,39239
39430,"T",0,0,39429
39435,"T",0,0,39434
39440,"T",0,0,39439
39455,"T",0,0,39454
39459,"T",0,0,39458
39463,"T",0,0,39462
39481,"T",0,0,39480
39581,"T",0,0,39576
39627,"S",0,0,39596
39915,"T",0,0,39651
39953,"T",0,0,39696
