"ID of id","kind","ID of typeid","ID of parent","idx"
85,62,71,81,-1
93,62,88,89,-1
97,62,87,95,-1
101,62,87,99,-1
105,41,88,103,0
107,60,87,105,0
109,60,87,105,1
127,62,71,123,-1
131,63,132,129,0
140,56,132,129,1
144,2,132,140,0
146,3,132,144,-2
148,17,87,146,0
150,17,87,146,1
152,17,87,146,2
156,62,157,154,0
159,56,157,154,1
163,61,157,159,0
165,60,132,163,-1
170,62,87,168,0
172,56,87,168,1
176,61,87,172,0
178,60,132,176,-1
183,62,157,181,0
185,56,157,181,1
189,61,157,185,0
191,62,113,189,-1
194,60,132,189,0
198,62,87,196,0
200,56,87,196,1
204,61,87,200,0
206,62,113,204,-1
209,60,132,204,0
211,62,87,131,0
236,62,71,232,-1
240,63,132,238,0
242,56,132,238,1
246,2,132,242,0
248,62,87,246,-1
250,17,87,246,0
254,63,255,252,0
259,56,255,252,1
263,2,255,259,0
265,62,88,263,-1
267,17,87,263,0
277,62,87,240,0
279,62,88,254,0
281,61,71,269,0
283,60,284,281,-1
287,61,157,281,0
289,62,290,283,-1
293,60,132,287,-1
295,61,71,271,0
297,60,284,295,-1
299,61,157,295,0
301,62,290,297,-1
303,60,255,299,-1
305,61,71,273,0
307,60,284,305,-1
309,61,157,305,0
311,62,290,307,-1
313,62,113,309,-1
315,60,132,309,0
317,61,71,275,0
319,60,284,317,-1
321,61,157,317,0
323,62,290,319,-1
325,62,113,321,-1
328,60,255,321,0
359,62,71,355,-1
363,62,87,361,0
365,56,87,361,1
369,17,87,365,0
373,62,374,371,0
376,56,374,371,1
380,23,381,376,0
385,62,88,383,0
387,56,88,383,1
391,16,88,387,0
395,62,396,393,0
398,56,396,393,1
402,23,381,398,0
416,4,87,404,0
418,60,87,416,0
420,17,87,416,1
422,4,374,406,0
424,60,374,422,0
426,17,87,422,1
428,4,88,408,0
430,60,88,428,0
432,16,88,428,1
434,4,396,410,0
436,60,396,434,0
438,16,88,434,1
440,4,88,412,0
442,60,88,440,0
444,51,396,440,1
446,62,396,444,0
448,23,381,444,1
450,4,396,414,0
452,60,396,450,0
454,23,381,450,1
472,62,71,468,-1
476,62,477,474,0
479,56,477,474,1
483,20,477,479,0
487,62,488,485,0
490,56,488,485,1
494,19,488,490,0
498,62,458,496,0
500,56,458,496,1
504,52,458,500,0
506,62,458,504,-3
508,60,477,504,0
513,62,458,511,0
515,56,458,511,1
519,52,458,515,0
521,62,458,519,-3
523,20,477,519,0
527,62,458,525,0
529,56,458,525,1
533,52,458,529,0
535,62,458,533,-3
537,60,488,533,0
541,62,458,539,0
543,56,458,539,1
547,61,458,543,0
549,62,458,547,-1
552,60,477,547,0
556,62,458,554,0
558,56,458,554,1
562,61,458,558,0
564,62,458,562,-1
566,20,477,562,0
601,62,71,597,-1
605,62,87,603,-1
609,62,88,607,0
611,56,88,607,1
615,16,88,611,0
619,62,87,617,0
621,56,87,617,1
625,17,87,621,0
641,41,88,627,0
645,60,88,641,0
647,16,88,641,1
651,61,71,649,0
653,60,284,651,-1
655,22,157,651,0
657,62,290,653,-1
659,60,88,629,0
665,61,71,663,0
667,60,284,665,-1
669,22,157,665,0
671,62,290,667,-1
673,41,88,631,0
677,60,88,673,0
679,16,88,673,1
683,61,71,681,0
685,60,284,683,-1
687,22,157,683,0
689,62,290,685,-1
691,50,88,633,0
695,60,88,691,0
699,61,71,697,0
701,60,284,699,-1
703,22,157,699,0
705,62,290,701,-1
707,37,88,635,0
711,60,87,707,0
713,17,87,707,1
717,61,71,715,0
719,60,284,717,-1
721,22,157,717,0
723,62,290,719,-1
725,38,88,637,0
729,60,87,725,0
731,17,87,725,1
735,61,71,733,0
737,60,284,735,-1
739,22,157,735,0
741,62,290,737,-1
743,41,88,639,0
747,60,87,743,0
749,17,87,743,1
753,61,71,751,0
755,60,284,753,-1
757,22,157,753,0
759,62,290,755,-1
777,62,71,773,-1
781,63,770,779,-1
783,62,157,781,0
787,62,788,785,0
790,56,788,785,1
794,17,87,790,0
798,62,87,796,0
800,56,87,796,1
804,17,87,800,0
812,62,788,810,0
814,56,788,810,1
818,47,87,814,0
820,17,87,818,0
830,61,71,806,0
832,60,284,830,-1
835,41,88,830,0
837,62,290,832,-1
839,60,788,835,0
841,60,87,835,1
843,61,71,808,0
845,60,284,843,-1
848,27,87,843,0
850,62,290,845,-1
852,60,788,848,0
854,60,87,848,1
856,61,71,822,0
858,60,284,856,-1
860,41,88,856,0
862,62,290,858,-1
864,60,788,860,0
866,17,87,860,1
868,61,71,824,0
870,60,284,868,-1
872,42,88,868,0
874,62,290,870,-1
876,60,788,872,0
878,17,87,872,1
880,61,71,826,0
882,60,284,880,-1
884,42,88,880,0
886,62,290,882,-1
888,60,788,884,0
890,60,788,884,1
892,61,71,828,0
894,60,284,892,-1
896,42,88,892,0
898,62,290,894,-1
900,60,87,896,0
902,17,87,896,1
920,62,71,916,-1
924,62,925,922,0
959,56,925,922,1
963,52,925,959,0
965,62,925,963,-3
988,66,987,981,0
994,66,987,993,0
1050,66,987,1046,0
1054,66,987,1053,0
1089,66,987,1085,0
1100,66,987,1099,0
1379,66,987,1375,0
1383,66,987,1382,0
1394,66,987,1390,0
1395,66,987,1386,0
1400,66,987,1399,0
1401,66,987,1398,0
1549,66,987,1548,0
1556,66,987,1555,0
1557,66,987,1554,0
1563,66,987,1562,0
1580,66,987,1579,0
1762,56,925,1760,1
1766,60,925,1762,0
1784,62,374,924,0
1786,61,88,1768,0
1788,60,925,1786,-1
1790,17,87,1786,0
1792,61,88,1770,0
1794,60,925,1792,-1
1796,17,87,1792,0
1798,61,88,1772,0
1800,60,925,1798,-1
1802,17,87,1798,0
1804,61,88,1774,0
1808,60,925,1804,-1
1812,61,71,1810,0
1814,60,284,1812,-1
1816,22,157,1812,0
1818,62,290,1814,-1
1820,61,88,1776,0
1822,60,925,1820,-1
1824,17,87,1820,0
1826,41,88,1778,0
1830,61,87,1826,0
1832,17,87,1826,1
1834,60,925,1830,-1
1838,61,71,1836,0
1840,60,284,1838,-1
1842,22,157,1838,0
1844,62,290,1840,-1
1846,41,88,1780,0
1850,61,87,1846,0
1852,17,87,1846,1
1854,60,925,1850,-1
1858,61,71,1856,0
1860,60,284,1858,-1
1862,22,157,1858,0
1864,62,290,1860,-1
1866,61,71,1782,0
1868,60,284,1866,-1
1870,41,88,1866,0
1872,62,290,1868,-1
1874,61,87,1870,0
1876,17,87,1870,1
1878,60,925,1874,-1
1904,62,71,1900,-1
1908,62,1909,1906,0
1913,56,1909,1906,1
1917,60,1183,1913,0
1919,62,1882,1917,-1
1924,62,1925,1922,0
1929,56,1925,1922,1
1933,60,1934,1929,0
1936,62,1882,1933,-1
1941,62,1942,1939,0
1946,56,1942,1939,1
1950,60,1951,1946,0
1953,62,1882,1950,-1
1958,62,1909,1956,0
1960,56,1909,1956,1
1964,61,1909,1960,0
1966,62,1882,1964,-1
1971,62,1925,1969,0
1973,56,1925,1969,1
1977,61,1925,1973,0
1979,62,1882,1977,-1
1984,62,1942,1982,0
1986,56,1942,1982,1
1990,61,1942,1986,0
1992,62,1882,1990,-1
1995,62,157,1908,0
1997,62,157,1924,0
1999,62,157,1924,1
2001,62,157,1941,0
2003,62,157,1958,0
2005,62,157,1971,0
2007,62,157,1971,1
2009,62,157,1984,0
2048,62,87,2044,-1
2052,62,87,2050,-1
2056,60,87,2054,0
2058,62,374,2056,-1
2065,62,87,2061,-1
2069,62,87,2067,-1
2073,47,87,2071,0
2075,17,87,2073,0
2081,62,87,2077,-1
2085,62,87,2083,-1
2089,38,88,2087,0
2095,60,87,2089,0
2097,17,87,2089,1
2099,60,87,2091,0
2101,62,374,2099,-1
2103,47,87,2093,0
2105,17,87,2103,0
2136,62,71,2132,-1
2140,62,87,2138,-1
2144,62,88,2142,0
2146,56,88,2142,1
2150,16,88,2146,0
2154,62,87,2152,0
2156,56,87,2152,1
2160,17,87,2156,0
2176,41,88,2162,0
2180,51,396,2176,0
2182,23,381,2176,1
2184,62,396,2180,0
2186,60,88,2180,1
2190,61,71,2188,0
2192,60,284,2190,-1
2194,22,157,2190,0
2196,62,290,2192,-1
2198,42,88,2164,0
2202,51,396,2198,0
2204,23,381,2198,1
2206,62,396,2202,0
2208,60,88,2202,1
2212,61,71,2210,0
2214,60,284,2212,-1
2216,22,157,2212,0
2218,62,290,2214,-1
2220,55,88,2166,0
2224,51,396,2220,0
2226,62,396,2220,1
2228,62,396,2224,0
2230,60,88,2224,1
2234,61,71,2232,0
2236,60,284,2234,-1
2238,22,157,2234,0
2240,62,290,2236,-1
2242,41,88,2168,0
2246,60,88,2242,0
2248,16,88,2242,1
2252,61,71,2250,0
2254,60,284,2252,-1
2256,22,157,2252,0
2258,62,290,2254,-1
2260,37,88,2170,0
2264,60,87,2260,0
2266,17,87,2260,1
2270,61,71,2268,0
2272,60,284,2270,-1
2274,22,157,2270,0
2276,62,290,2272,-1
2278,38,88,2172,0
2282,60,87,2278,0
2284,17,87,2278,1
2288,61,71,2286,0
2290,60,284,2288,-1
2292,22,157,2288,0
2294,62,290,2290,-1
2296,41,88,2174,0
2300,60,87,2296,0
2302,17,87,2296,1
2306,61,71,2304,0
2308,60,284,2306,-1
2310,22,157,2306,0
2312,62,290,2308,-1
2327,62,87,2323,-1
2331,56,88,2329,1
2335,36,88,2331,0
2337,38,88,2335,0
2339,16,88,2335,1
2341,17,87,2337,0
2343,17,87,2337,1
2355,50,88,2345,0
2359,60,88,2355,0
2361,17,87,2357,0
2363,36,88,2347,0
2367,16,88,2363,0
2369,60,88,2363,1
2371,17,87,2365,0
2373,16,88,2349,0
2377,17,87,2375,0
2379,16,88,2351,0
2383,17,87,2381,0
2385,17,87,2353,0
2408,62,71,2404,-1
2412,63,770,2410,-1
2414,62,157,2412,0
2419,62,71,2397,-1
2424,62,71,2395,-1
2430,62,87,2426,-1
2434,17,87,2432,0
2439,62,477,2390,-1
2443,20,477,2441,0
2459,62,71,2454,-1
2465,62,71,2461,-1
2469,62,87,2467,-1
2476,62,71,2471,-1
2482,62,71,2478,-1
2486,62,88,2484,0
2493,62,157,2491,0
2526,4,925,2525,0
2527,60,925,2526,0
2531,52,925,2526,1
2533,62,925,2531,-3
2542,61,71,2540,0
2546,62,925,2544,0
2547,62,374,2546,0
2553,62,87,2551,0
2558,62,87,2556,0
2564,62,87,2562,0
2570,62,87,2568,0
2576,62,87,2574,0
2582,62,87,2580,0
2591,62,71,2586,-1
2595,62,87,2593,-1
2611,61,88,2597,0
2613,60,925,2611,-1
2615,60,87,2611,0
2617,4,87,2599,0
2619,60,87,2617,0
2621,60,87,2617,1
2623,4,87,2601,0
2625,60,87,2623,0
2627,60,87,2623,1
2629,4,87,2603,0
2631,60,87,2629,0
2633,60,87,2629,1
2635,4,87,2605,0
2637,60,87,2635,0
2639,60,87,2635,1
2641,4,87,2607,0
2643,60,87,2641,0
2645,60,87,2641,1
2647,4,87,2609,0
2649,60,87,2647,0
2651,60,87,2647,1
2718,62,87,2716,0
2723,62,87,2721,0
2729,62,87,2727,0
2735,62,87,2733,0
2741,62,87,2739,0
2747,62,87,2745,0
2783,62,71,2779,-1
2787,63,770,2785,-1
2789,62,157,2787,0
2796,62,2797,2794,0
2799,56,2797,2794,1
2803,52,2797,2799,0
2805,62,2797,2803,-3
2807,52,2808,2803,0
2816,62,2811,2807,-3
2826,62,71,2812,-1
2842,61,71,2834,0
2844,60,284,2842,-1
2846,22,157,2842,0
2848,62,290,2844,-1
2850,61,71,2836,0
2852,62,2797,2850,-1
2856,17,87,2850,0
2858,61,71,2838,0
2860,60,284,2858,-1
2862,22,157,2858,0
2864,62,290,2860,-1
2866,61,71,2840,0
2868,61,2797,2866,-1
2871,62,2797,2868,-1
2874,56,2875,2832,0
2879,62,2875,2832,-1
2885,61,71,2883,0
2887,60,2875,2885,-1
2897,61,71,2891,0
2899,60,2797,2897,-1
2902,61,71,2893,0
2904,62,2797,2902,-1
2906,17,87,2902,0
2908,61,71,2895,0
2910,60,2797,2908,-1
2925,62,71,2921,-1
2929,62,87,2927,0
2931,56,87,2927,1
2935,17,87,2931,0
2939,62,87,2937,0
2941,56,87,2937,1
2945,17,87,2941,0
2949,62,87,2947,0
2951,56,87,2947,1
2965,4,87,2955,0
2967,60,87,2965,0
2969,24,87,2965,1
2971,24,87,2969,0
2973,60,87,2969,1
2975,60,87,2971,0
2977,60,87,2971,1
2979,61,71,2957,0
2981,60,284,2979,-1
2983,60,87,2979,0
2985,62,290,2981,-1
2987,4,87,2959,0
2989,60,87,2987,0
2991,17,87,2987,1
2993,4,87,2961,0
2995,60,87,2993,0
2997,17,87,2993,1
2999,4,87,2963,0
3001,60,87,2999,0
3003,17,87,2999,1
3030,62,88,3026,-1
3034,62,157,3032,0
3036,56,157,3032,1
3040,22,157,3036,0
3048,56,157,3046,1
3052,22,157,3048,0
3056,61,88,3042,0
3060,60,157,3056,-1
3063,22,157,3056,0
3065,61,88,3044,0
3069,60,157,3065,-1
3071,22,157,3065,0
3073,61,88,3054,0
3075,60,157,3073,-1
3077,22,157,3073,0
3092,62,71,3088,-1
3096,62,88,3094,0
3098,56,88,3094,1
3102,16,88,3098,0
3106,62,87,3104,0
3108,56,87,3104,1
3112,17,87,3108,0
3116,56,88,3114,1
3120,41,88,3116,0
3122,60,88,3120,0
3124,16,88,3120,1
3128,56,88,3126,1
3132,41,88,3128,0
3134,60,88,3132,0
3136,16,88,3132,1
3140,56,88,3138,1
3144,42,88,3140,0
3146,60,88,3144,0
3148,16,88,3144,1
3152,56,88,3150,1
3156,41,88,3152,0
3158,60,87,3156,0
3160,17,87,3156,1
3164,56,88,3162,1
3168,38,88,3164,0
3170,60,87,3168,0
3172,17,87,3168,1
3176,56,396,3174,1
3180,51,396,3176,0
3182,62,396,3180,0
3184,16,88,3180,1
3200,62,87,3198,0
3208,62,3188,3203,-1
3218,62,88,3214,-1
3222,62,79,3220,-1
3226,41,88,3224,0
3228,60,87,3226,0
3230,60,87,3226,1
3232,51,3203,3230,-1
3234,62,3203,3232,0
3236,60,79,3232,1
3243,62,3188,3238,-1
3253,62,88,3249,-1
3257,62,79,3255,-1
3263,36,88,3259,0
3267,41,88,3263,0
3269,42,88,3263,1
3271,60,79,3267,0
3273,23,381,3267,1
3275,61,3278,3269,0
3295,61,3298,3269,1
3303,60,79,3295,-1
3307,16,88,3305,0
3309,41,88,3261,0
3311,60,87,3309,0
3313,60,87,3309,1
3315,51,3238,3313,-1
3317,62,3238,3315,0
3319,60,79,3315,1
3326,62,3188,3321,-1
3336,62,88,3332,-1
3340,62,79,3338,-1
3346,36,88,3342,0
3350,41,88,3346,0
3352,50,88,3346,1
3354,60,79,3350,0
3356,23,381,3350,1
3358,55,88,3352,0
3360,60,79,3358,0
3362,62,3321,3358,1
3366,16,88,3364,0
3368,41,88,3344,0
3370,60,87,3368,0
3372,60,87,3368,1
3374,51,3321,3372,-1
3376,62,3321,3374,0
3378,60,79,3374,1
3410,62,71,3398,-1
3414,62,3394,3412,0
3416,56,3394,3412,1
3420,52,3394,3416,0
3422,62,3394,3420,-3
3424,17,87,3420,0
3429,62,3394,3427,0
3431,56,3394,3427,1
3435,52,3394,3431,0
3437,62,3394,3435,-3
3439,17,87,3435,0
3443,62,88,3441,0
3445,56,88,3441,1
3449,61,88,3445,0
3451,60,3394,3449,-1
3454,60,3394,3449,0
3462,62,374,3460,0
3464,56,374,3460,1
3468,17,87,3464,0
3472,62,374,3470,0
3474,56,374,3470,1
3478,17,87,3474,0
3482,4,88,3456,0
3484,60,88,3482,0
3486,61,88,3482,1
3488,60,3394,3486,-1
3490,60,3394,3486,0
3492,4,88,3458,0
3494,60,88,3492,0
3496,41,88,3492,1
3498,61,87,3496,0
3500,61,87,3496,1
3502,60,3394,3498,-1
3505,60,3394,3500,-1
3507,4,88,3480,0
3509,60,88,3507,0
3511,61,88,3507,1
3513,60,374,3511,-1
3516,60,374,3511,0
3539,4,396,3538,0
3540,60,396,3539,0
3544,16,88,3539,1
3547,4,3530,3546,0
3548,60,3530,3547,0
3552,52,3530,3547,1
3554,62,3530,3552,-3
3556,17,87,3552,0
3560,4,3530,3559,0
3561,60,3530,3560,0
3565,23,381,3560,1
3574,61,71,3572,0
3578,62,396,3576,0
3583,62,3530,3581,0
3588,62,3530,3586,0
3599,62,87,3597,0
3606,62,87,3594,-1
3612,4,87,3610,0
3614,60,87,3612,0
3616,60,87,3612,1
3634,62,488,3630,-1
3638,62,477,3636,0
3640,56,477,3636,1
3644,20,477,3640,0
3648,62,488,3646,0
3650,56,488,3646,1
3654,51,488,3650,0
3656,62,488,3654,0
3658,60,477,3654,1
3662,56,488,3660,1
3666,51,488,3662,0
3668,62,488,3666,0
3670,20,477,3666,1
3674,51,488,3672,0
3676,62,488,3674,0
3678,20,477,3674,1
3702,62,71,3690,-1
3706,61,71,3704,0
3708,60,284,3706,-1
3710,22,157,3706,0
3712,62,290,3708,-1
3718,62,71,3714,-1
3743,66,3742,3741,0
3748,62,71,3741,-1
3752,61,71,3750,0
3754,60,284,3752,-1
3756,22,157,3752,0
3758,62,290,3754,-1
3762,66,3761,3760,0
3767,62,71,3760,-1
3771,61,71,3769,0
3773,60,284,3771,-1
3775,22,157,3771,0
3777,62,290,3773,-1
3780,66,3761,3779,0
3785,62,71,3779,-1
3789,61,71,3787,0
3791,60,284,3789,-1
3793,22,157,3789,0
3795,62,290,3791,-1
3799,66,3798,3797,0
3804,62,71,3797,-1
3808,61,71,3806,0
3810,60,284,3808,-1
3812,22,157,3808,0
3814,62,290,3810,-1
3818,66,3817,3816,0
3823,62,71,3816,-1
3827,61,71,3825,0
3829,60,284,3827,-1
3831,22,157,3827,0
3833,62,290,3829,-1
3848,62,71,3844,-1
3852,62,396,3850,0
3854,56,396,3850,1
3858,16,88,3854,0
3862,62,374,3860,0
3864,56,374,3860,1
3868,17,87,3864,0
3882,41,88,3870,0
3886,60,396,3882,0
3888,23,381,3882,1
3890,41,88,3872,0
3894,23,381,3890,0
3896,23,381,3890,1
3898,41,88,3874,0
3902,60,396,3898,0
3904,16,88,3898,1
3906,41,88,3876,0
3910,60,374,3906,0
3912,23,381,3906,1
3914,41,88,3878,0
3918,23,381,3914,0
3920,60,374,3914,1
3922,41,88,3880,0
3926,60,374,3922,0
3928,17,87,3922,1
3963,62,71,3959,-1
3967,63,770,3965,-1
3969,62,157,3967,0
3975,62,87,3973,0
3977,56,87,3973,1
3981,17,87,3977,0
3987,62,87,3971,0
3989,56,87,3971,-1
3993,17,87,3989,0
3995,37,88,3971,1
3997,43,87,3971,3
4001,60,87,3995,0
4003,17,87,3995,1
4005,60,87,3997,0
4009,41,88,4007,0
4013,26,87,4009,0
4015,17,87,4009,1
4017,60,87,4013,0
4019,17,87,4013,1
4021,61,71,4011,0
4023,60,284,4021,-1
4025,60,87,4021,0
4027,62,290,4023,-1
4029,37,88,3983,0
4033,60,87,4029,0
4035,17,87,4029,1
4041,45,87,4037,0
4043,60,87,4041,0
4045,61,71,4039,0
4047,60,284,4045,-1
4049,60,87,4045,0
4051,62,290,4047,-1
4053,56,157,3985,0
4057,60,770,3985,1
4063,61,71,4061,0
4065,60,284,4063,-1
4067,60,157,4063,0
4069,62,290,4065,-1
4092,62,71,4088,-1
4096,62,488,4094,0
4098,56,488,4094,1
4102,19,488,4098,0
4106,62,488,4104,0
4108,56,488,4104,1
4112,19,488,4108,0
4116,62,488,4114,0
4118,56,488,4114,1
4122,27,488,4118,0
4124,60,488,4122,0
4126,60,488,4122,1
4130,62,477,4128,0
4132,56,477,4128,1
4136,20,477,4132,0
4140,62,477,4138,0
4142,56,477,4138,1
4146,24,477,4142,0
4148,60,477,4146,0
4150,20,477,4146,1
4154,62,488,4152,0
4156,56,488,4152,1
4160,24,488,4156,0
4162,60,488,4160,0
4164,51,488,4160,1
4166,62,488,4164,0
4168,60,477,4164,1
4189,62,71,4185,-1
4196,62,4176,4191,-1
4206,62,71,4202,-1
4210,61,71,4208,0
4212,60,284,4210,-1
4214,22,157,4210,0
4216,62,290,4212,-1
4223,62,4176,4218,-1
4231,66,4230,4229,0
4236,62,71,4229,-1
4240,61,71,4238,0
4242,60,284,4240,-1
4244,22,157,4240,0
4246,62,290,4242,-1
4263,62,71,4259,-1
4267,56,157,4265,1
4271,22,157,4267,0
4275,56,87,4273,1
4279,17,87,4275,0
4283,62,157,4281,0
4285,56,157,4281,1
4289,27,157,4285,0
4291,60,157,4289,0
4293,17,87,4289,1
4295,56,157,4281,2
4299,27,157,4295,0
4301,20,477,4299,0
4303,22,157,4299,1
4307,56,87,4305,1
4311,27,87,4307,0
4313,60,87,4311,0
4315,17,87,4311,1
4319,56,157,4317,1
4323,27,157,4319,0
4325,60,157,4323,0
4327,22,157,4323,1
4350,62,71,4346,-1
4354,63,770,4352,-1
4356,62,157,4354,0
4360,61,71,4358,0
4362,60,284,4360,-1
4364,61,87,4360,0
4366,62,290,4362,-1
4369,17,87,4364,0
4374,62,87,4368,-1
4378,62,87,4376,-1
4382,41,88,4380,0
4388,60,87,4382,0
4390,17,87,4382,1
4394,17,87,4392,0
4398,61,87,4396,0
4401,28,87,4398,0
4403,60,87,4401,0
4405,17,87,4401,1
4410,62,87,4400,-1
4414,62,87,4412,-1
4418,41,88,4416,0
4424,60,87,4418,0
4426,17,87,4418,1
4430,17,87,4428,0
4434,61,87,4432,0
4436,28,87,4434,0
4438,60,87,4436,0
4440,17,87,4436,1
4445,62,477,4337,-1
4448,62,87,4338,-1
4451,62,477,4339,-1
4457,41,88,4453,0
4461,60,87,4457,0
4463,17,87,4457,1
4465,60,477,4459,0
4467,61,477,4455,0
4469,28,87,4467,0
4471,27,477,4467,1
4473,60,87,4469,0
4475,17,87,4469,1
4477,60,477,4471,0
4479,25,477,4471,1
4481,20,477,4479,0
4483,60,87,4479,1
4488,62,477,4332,-1
4491,62,87,4335,-1
4494,62,477,4336,-1
4500,41,88,4496,0
4504,60,87,4500,0
4506,17,87,4500,1
4508,60,477,4502,0
4510,61,477,4498,0
4512,28,87,4510,0
4514,27,477,4510,1
4516,60,87,4512,0
4518,17,87,4512,1
4520,60,477,4514,0
4522,25,477,4514,1
4524,20,477,4522,0
4526,60,87,4522,1
4544,62,71,4540,-1
4548,62,79,4546,0
4550,56,79,4546,1
4554,52,79,4550,0
4556,62,79,4554,-3
4560,62,79,4558,0
4562,56,79,4558,1
4566,52,79,4562,0
4568,62,79,4566,-3
4576,61,88,4570,0
4578,62,4530,4576,-1
4581,60,79,4576,0
4583,60,79,4576,1
4585,61,88,4572,0
4587,62,4530,4585,-1
4589,17,87,4585,0
4591,60,79,4585,1
4593,61,71,4574,0
4595,60,284,4593,-1
4597,61,157,4593,0
4599,62,290,4595,-1
4601,62,4530,4597,-1
4604,60,79,4597,0
4619,62,71,4615,-1
4623,62,157,4621,0
4625,56,157,4621,1
4629,27,157,4625,0
4631,22,157,4629,0
4633,17,87,4629,1
4637,62,157,4635,0
4639,56,157,4635,1
4643,27,157,4639,0
4645,17,87,4643,0
4647,22,157,4643,1
4651,62,157,4649,0
4653,56,157,4649,1
4657,27,157,4653,0
4659,22,157,4657,0
4661,16,88,4657,1
4665,56,157,4663,1
4669,27,157,4665,0
4671,60,157,4669,0
4673,22,157,4669,1
4677,56,87,4675,1
4681,27,87,4677,0
4683,17,87,4681,0
4685,17,87,4681,1
4689,56,87,4687,1
4693,27,87,4689,0
4695,60,87,4693,0
4697,17,87,4693,1
4732,62,71,4728,-1
4736,62,87,4734,-1
4740,62,88,4738,0
4742,56,88,4738,1
4746,16,88,4742,0
4750,62,87,4748,0
4752,56,87,4748,1
4756,17,87,4752,0
4760,56,157,4758,1
4764,22,157,4760,0
4768,56,88,4766,1
4772,41,88,4768,0
4774,60,88,4772,0
4776,16,88,4772,1
4780,56,88,4778,1
4784,60,88,4780,0
4788,56,88,4786,1
4792,41,88,4788,0
4794,60,88,4792,0
4796,16,88,4792,1
4800,56,88,4798,1
4804,50,88,4800,0
4806,60,88,4804,0
4810,56,88,4808,1
4814,41,88,4810,0
4816,60,157,4814,0
4818,22,157,4814,1
4822,56,88,4820,1
4826,37,88,4822,0
4828,60,87,4826,0
4830,17,87,4826,1
4834,56,88,4832,1
4838,38,88,4834,0
4840,60,87,4838,0
4842,17,87,4838,1
4846,56,88,4844,1
4850,41,88,4846,0
4852,60,87,4850,0
4854,17,87,4850,1
4869,62,71,4865,-1
4875,62,71,4871,-1
4890,62,71,4886,-1
4896,62,71,4892,-1
4908,4,88,4907,0
4909,60,88,4908,0
4913,16,88,4908,1
4922,61,71,4920,0
4926,62,88,4924,0
4945,62,396,4941,-1
4949,62,396,4947,0
4951,56,396,4947,1
4955,16,88,4951,0
4959,60,396,4957,0
4965,62,87,4961,-1
4969,17,87,4967,0
4974,62,71,4932,-1
4982,62,79,4978,-1
4986,23,381,4984,0
4992,62,157,4988,-1
4996,22,157,4994,0
5002,62,88,4998,-1
5006,16,88,5004,0
5034,62,138,5028,-2
5039,4,2854,5038,0
5040,60,2854,5039,0
5044,18,2854,5039,1
5052,62,2854,5050,0
5061,62,138,5055,-2
5066,4,2854,5065,0
5067,60,2854,5066,0
5071,18,2854,5066,1
5079,62,2854,5077,0
5087,62,138,5082,-2
5102,4,2854,5101,0
5103,60,2854,5102,0
5107,18,2854,5102,1
5115,62,2854,5113,0
5131,62,71,5127,-1
5135,63,770,5133,-1
5137,62,157,5135,0
5141,56,5142,5139,1
5146,52,5142,5141,0
5148,62,5142,5146,-3
5157,56,5158,5155,1
5162,52,5158,5157,0
5164,62,5158,5162,-3
5169,61,71,5151,0
5171,60,5142,5169,-1
5174,61,71,5153,0
5176,62,5142,5174,-1
5178,61,71,5167,0
5180,60,5158,5178,-1
5193,62,71,5173,-1
5197,61,71,5195,0
5199,60,284,5197,-1
5201,22,157,5197,0
5203,62,290,5199,-1
5215,62,71,5182,-1
5237,62,71,5233,-1
5241,62,5242,5239,0
5244,56,5242,5239,1
5248,52,5242,5244,0
5250,62,5242,5248,-3
5255,62,157,5253,0
5257,56,157,5253,1
5261,22,157,5257,0
5271,61,157,5263,0
5273,61,157,5271,-1
5276,17,87,5271,0
5278,60,5242,5273,-1
5281,61,87,5265,0
5283,61,157,5281,-1
5286,60,5242,5283,-1
5288,61,87,5267,0
5290,61,157,5288,-1
5292,60,157,5290,-1
5295,61,157,5269,0
5297,61,157,5295,-1
5300,60,5223,5295,0
5302,60,5242,5297,-1
5304,62,5223,5300,-1
5332,62,71,5328,-1
5336,63,770,5334,-1
5338,62,157,5336,0
5342,62,157,5340,0
5344,56,157,5340,1
5348,22,157,5344,0
5352,62,157,5350,0
5354,56,157,5350,1
5358,22,157,5354,0
5370,42,88,5360,0
5374,60,157,5370,0
5376,23,381,5370,1
5378,61,71,5372,0
5380,60,284,5378,-1
5382,22,157,5378,0
5384,62,290,5380,-1
5386,41,88,5362,0
5390,60,157,5386,0
5392,60,157,5386,1
5394,61,71,5388,0
5396,60,284,5394,-1
5398,22,157,5394,0
5400,62,290,5396,-1
5402,42,88,5364,0
5406,60,157,5402,0
5408,60,157,5402,1
5410,61,71,5404,0
5412,60,284,5410,-1
5414,22,157,5410,0
5416,62,290,5412,-1
5418,61,88,5366,0
5422,60,157,5418,-1
5424,60,157,5418,0
5426,61,71,5420,0
5428,60,284,5426,-1
5430,22,157,5426,0
5432,62,290,5428,-1
5434,41,88,5368,0
5438,60,157,5434,0
5440,61,157,5434,1
5442,60,157,5440,-1
5445,17,87,5440,0
5447,17,87,5440,1
5449,61,71,5436,0
5451,60,284,5449,-1
5453,22,157,5449,0
5455,62,290,5451,-1
5470,62,71,5466,-1
5474,62,79,5472,0
5476,56,79,5472,1
5480,52,79,5476,0
5482,62,79,5480,-3
5486,61,88,5484,0
5488,60,79,5486,-1
5490,52,79,5486,0
5492,62,79,5490,-3
5499,62,5459,5494,-1
5509,62,71,5505,-1
5515,61,71,5511,0
5517,59,5459,5515,-1
5519,61,88,5513,0
5521,59,5459,5519,-1
5523,52,79,5519,0
5525,62,79,5523,-3
5540,62,71,5536,-1
5544,63,132,5542,0
5546,56,132,5542,1
5550,2,132,5546,0
5552,62,87,5550,-1
5554,17,87,5550,0
5558,62,87,5544,0
5560,4,87,5556,0
5562,1,87,5560,0
5564,17,87,5560,1
5566,60,132,5562,0
5568,17,87,5562,1
5591,62,88,5577,-1
5594,62,87,5580,-1
5597,62,788,5581,-1
5601,36,88,5599,0
5603,41,88,5601,0
5605,37,88,5601,1
5607,60,87,5603,0
5609,60,788,5603,1
5611,60,87,5605,0
5613,60,788,5605,1
5630,62,71,5618,-1
5634,16,88,5632,0
5640,61,71,5638,0
5642,60,284,5640,-1
5644,22,157,5640,0
5646,62,290,5642,-1
5669,62,87,5657,-1
5672,62,87,5658,-1
5675,62,87,5659,-1
5679,62,87,5677,0
5681,56,87,5677,1
5685,53,87,5681,0
5687,38,88,5685,0
5689,27,87,5685,1
5691,27,87,5685,2
5693,60,87,5687,0
5695,17,87,5687,1
5697,60,87,5689,0
5699,17,87,5689,1
5701,60,87,5691,0
5703,17,87,5691,1
5707,60,87,5705,0
5712,62,87,5654,-1
5715,62,87,5655,-1
5718,62,87,5656,-1
5722,62,87,5720,0
5724,56,87,5720,1
5728,17,87,5724,0
5734,62,87,5732,0
5736,56,87,5732,1
5740,28,87,5736,0
5742,60,87,5740,0
5744,17,87,5740,1
5748,38,88,5730,0
5754,60,87,5748,0
5756,17,87,5748,1
5760,4,87,5758,0
5762,60,87,5760,0
5764,27,87,5760,1
5766,60,87,5764,0
5768,17,87,5764,1
5772,4,87,5770,0
5774,60,87,5772,0
5776,27,87,5772,1
5778,60,87,5776,0
5780,17,87,5776,1
5782,60,87,5746,0
5787,62,71,5651,-1
5806,62,71,5794,-1
5810,62,488,5808,0
5812,56,488,5808,1
5816,51,488,5812,0
5818,62,488,5816,0
5820,20,477,5816,1
5840,62,87,5827,-1
5843,62,87,5830,-1
5849,41,88,5845,0
5853,41,88,5849,0
5855,16,88,5849,1
5857,26,87,5853,0
5859,17,87,5853,1
5861,60,87,5857,0
5863,17,87,5857,1
5867,17,87,5865,0
5869,17,87,5847,0
5886,62,71,5874,-1
5890,62,87,5888,0
5892,56,87,5888,1
5896,51,87,5892,0
5898,62,87,5896,0
5900,19,488,5896,1
5919,62,71,5915,-1
5936,62,88,5932,-1
5940,62,157,5938,-1
5944,41,88,5942,0
5946,60,157,5944,0
5948,22,157,5944,1
5954,62,2797,5952,-1
5966,62,71,5962,-1
5970,62,87,5968,0
5972,56,87,5968,-1
5976,17,87,5972,0
5978,37,88,5968,1
5980,43,87,5968,3
5984,60,87,5978,0
5986,17,87,5978,1
5988,60,87,5980,0
6002,61,71,5998,0
6004,17,87,6002,0
6006,61,71,6000,0
6008,60,284,6006,-1
6010,61,157,6006,0
6012,62,290,6008,-1
6014,61,2797,6010,-1
6017,62,2797,6014,-1
6019,56,2875,5996,0
6023,62,2875,5996,-1
6029,61,71,6027,0
6031,60,284,6029,-1
6034,60,2875,6029,0
6036,62,290,6031,-1
6038,61,71,5992,0
6040,60,284,6038,-1
6042,60,87,6038,0
6044,62,290,6040,-1
6050,62,71,6046,-1
6054,63,770,6052,-1
6056,62,157,6054,0
6060,56,5952,6058,1
6064,52,5952,6060,0
6066,62,5952,6064,-3
6070,56,5952,6068,1
6074,52,5952,6070,0
6076,62,5952,6074,-3
6080,56,5952,6078,1
6084,52,5952,6080,0
6086,62,5952,6084,-3
6096,61,71,6088,0
6098,60,5952,6096,-1
6100,61,71,6090,0
6102,60,5952,6100,-1
6104,61,71,6092,0
6106,60,5952,6104,-1
6108,61,71,6094,0
6110,60,284,6108,-1
6112,22,157,6108,0
6114,62,290,6110,-1
6138,62,6134,6136,-2
6147,62,6136,6142,-2
6149,62,6140,6142,-3
6151,62,6134,6142,-4
6162,62,6142,6157,-1
6184,62,87,6171,-1
6187,62,87,6174,-1
6191,62,87,6189,0
6193,56,87,6189,1
6197,17,87,6193,0
6201,62,87,6199,0
6203,56,87,6199,1
6207,17,87,6203,0
6213,37,88,6209,0
6217,60,87,6213,0
6219,60,87,6213,1
6221,60,87,6215,0
6223,17,87,6211,0
6241,62,87,6228,-1
6244,62,87,6231,-1
6248,62,87,6246,0
6250,56,87,6246,1
6254,17,87,6250,0
6258,62,87,6256,0
6260,56,87,6256,1
6270,4,87,6268,-1
6272,37,88,6268,1
6274,43,87,6268,3
6278,60,87,6270,0
6280,17,87,6270,1
6282,60,87,6272,0
6284,60,87,6272,1
6286,60,87,6274,0
6290,62,87,6288,0
6292,56,87,6288,1
6296,17,87,6292,0
6300,16,88,6298,0
6312,38,88,6304,0
6316,60,87,6312,0
6318,60,87,6312,1
6320,43,87,6306,0
6322,60,87,6320,0
6324,5,87,6308,0
6326,60,87,6324,0
6328,60,87,6324,1
6330,38,88,6310,0
6334,60,87,6330,0
6336,17,87,6330,1
6338,60,87,6266,0
6358,4,6346,6357,0
6359,60,6346,6358,0
6363,52,6346,6358,1
6365,62,6346,6363,-3
6410,66,987,6406,0
6419,66,987,6418,0
6429,62,6346,6427,0
6430,62,157,6429,0
6438,62,71,6434,-1
6442,62,6443,6440,0
6445,56,6443,6440,1
6449,52,6450,6445,0
6472,66,4230,6471,0
6475,62,6443,6449,-3
6477,62,1909,6475,0
6479,62,157,6477,0
6490,62,1909,6471,-1
6492,62,157,6490,0
6496,52,6497,6494,0
6501,62,6497,6496,-3
6509,66,987,6508,0
6526,66,987,6525,0
6603,66,987,6602,0
6608,66,987,6607,0
6609,66,987,6606,0
6761,62,157,6501,0
6765,62,6443,6763,0
6767,56,6443,6763,1
6771,52,6772,6767,0
6777,62,6443,6771,-3
6779,62,1909,6777,0
6781,62,157,6779,0
6788,62,1909,6442,0
6790,62,157,6788,0
6792,62,1909,6765,0
6794,62,157,6792,0
6810,62,87,6808,0
6818,62,157,6814,-1
6822,41,88,6820,0
6828,60,87,6822,0
6830,17,87,6822,1
6834,23,381,6832,0
6838,27,157,6836,0
6840,22,157,6838,0
6842,60,87,6838,1
6848,62,79,6844,-1
6852,23,381,6850,0
6867,62,157,6863,-1
6871,22,157,6869,0
6890,62,71,6886,-1
6894,63,770,6892,-1
6896,62,157,6894,0
6900,62,488,6898,0
6902,56,488,6898,1
6906,19,488,6902,0
6910,62,87,6908,0
6912,56,87,6908,1
6916,51,87,6912,0
6918,62,87,6916,0
6920,60,488,6916,1
6926,56,87,6924,1
6930,51,87,6926,0
6932,62,87,6930,0
6934,19,488,6930,1
6936,61,71,6922,0
6938,60,284,6936,-1
6940,60,87,6936,0
6942,62,290,6938,-1
6957,62,71,6953,-1
6961,62,87,6959,0
6963,56,87,6959,1
6967,17,87,6963,0
6971,62,477,6969,0
6973,56,477,6969,1
6977,20,477,6973,0
6981,62,157,6979,0
6983,56,157,6979,1
6987,22,157,6983,0
6991,62,87,6989,0
6993,56,87,6989,1
6997,24,87,6993,0
6999,60,87,6997,0
7001,17,87,6997,1
7005,61,71,7003,0
7007,60,284,7005,-1
7009,60,87,7005,0
7011,62,290,7007,-1
7026,62,71,7022,-1
7030,63,770,7028,-1
7032,62,157,7030,0
7036,62,87,7034,0
7038,56,87,7034,1
7042,17,87,7038,0
7046,62,87,7044,0
7048,56,87,7044,1
7052,17,87,7048,0
7058,62,87,7056,0
7060,56,87,7056,-1
7064,17,87,7060,0
7066,37,88,7056,1
7068,43,87,7056,3
7072,60,87,7066,0
7074,60,87,7066,1
7076,60,87,7068,0
7080,62,87,7078,0
7082,56,87,7078,1
7086,27,87,7082,0
7088,60,87,7086,0
7090,17,87,7086,1
7094,16,88,7092,0
7104,5,87,7098,0
7106,60,87,7104,0
7108,24,87,7104,1
7110,60,87,7108,0
7112,60,87,7108,1
7114,38,88,7100,0
7118,60,87,7114,0
7120,17,87,7114,1
7124,40,88,7102,0
7128,60,87,7124,0
7130,60,87,7124,1
7139,4,87,7138,0
7140,60,87,7139,0
7145,17,87,7139,1
7149,62,87,7147,0
7166,4,87,7165,0
7167,60,87,7166,0
7171,17,87,7166,1
7175,62,87,7173,0
7186,61,71,7184,0
7198,4,87,7197,0
7199,60,87,7198,0
7203,17,87,7198,1
7207,62,87,7205,0
7213,62,87,7189,-1
7216,62,87,7192,-1
7220,27,87,7218,0
7222,60,87,7220,0
7224,17,87,7220,1
7254,4,87,7253,0
7255,60,87,7254,0
7259,17,87,7254,1
7268,61,71,7266,0
7272,62,87,7270,0
7280,62,71,7275,-1
7284,62,87,7282,0
7286,56,87,7282,1
7290,17,87,7286,0
7294,62,88,7292,0
7296,56,88,7292,1
7300,16,88,7296,0
7356,22,157,3818,0
7359,57,3279,3780,0
7360,62,7358,7359,0
7362,18,2854,3780,1
7363,57,3279,3762,0
7364,62,7358,7363,0
7365,18,2854,3762,1
7620,66,7619,7618,0
7622,22,157,7620,0
7624,16,88,7620,1
7703,66,987,7593,0
7714,66,987,7596,0
7890,66,7889,7885,0
7905,66,7889,7904,0
7910,66,7889,7909,0
7954,66,987,7857,0
7961,66,987,7960,0
8029,66,7619,8028,0
8030,22,157,8029,0
8031,16,88,8029,1
8157,66,7619,8153,0
8158,22,157,8157,0
8159,16,88,8157,1
8413,66,8412,8411,0
8484,66,8412,8483,0
9062,66,7889,396,0
9067,66,7889,9066,0
9097,66,9096,9094,0
9099,66,9096,9098,0
9104,66,7619,9102,0
9105,22,157,9104,0
9106,16,88,9104,1
9109,66,7619,9107,0
9110,22,157,9109,0
9111,16,88,9109,1
9137,66,7889,9131,0
9145,66,9096,9143,0
9184,66,7619,9182,0
9185,22,157,9184,0
9186,16,88,9184,1
9235,66,7619,9233,0
9236,22,157,9235,0
9237,16,88,9235,1
9240,66,7619,9238,0
9241,22,157,9240,0
9242,16,88,9240,1
9372,66,9096,9371,0
9375,66,9096,9373,0
9378,66,7619,9376,0
9379,22,157,9378,0
9380,16,88,9378,1
9384,66,7889,9383,0
9479,66,8412,9475,0
9481,66,9096,9480,0
9485,66,7889,9484,0
9490,66,8412,9489,0
9494,66,8412,9493,0
9554,66,9096,9552,0
9579,66,8412,9577,0
9582,66,8412,9580,0
9592,66,8412,9589,0
9606,66,8412,9603,0
9611,66,8412,9609,0
9626,66,8412,9621,0
9632,66,8412,9631,0
9639,66,8412,9638,0
9644,66,8412,9643,0
9647,66,8412,9646,0
9651,66,8412,9649,0
9657,66,8412,9654,0
9662,66,8412,9660,0
9666,66,8412,9665,0
9669,66,8412,9668,0
9672,66,8412,9671,0
9675,66,8412,9674,0
9683,66,8412,9682,0
9686,66,8412,9685,0
9689,66,8412,9688,0
9692,66,8412,9691,0
9698,66,9096,9697,0
9713,66,9096,9709,0
9735,66,8412,9734,0
9737,66,9736,9734,1
9742,66,9096,9741,0
9744,66,9096,9743,0
9746,66,9096,9745,0
9749,66,9096,9747,0
9752,66,9096,9750,0
9754,66,7619,9753,0
9755,22,157,9754,0
9756,16,88,9754,1
9757,66,8412,9753,1
9764,66,8412,9761,0
9769,66,8412,9765,0
9773,66,8412,9771,0
9843,66,7619,9841,0
9844,22,157,9843,0
9845,16,88,9843,1
9874,66,8412,9873,0
9876,66,8412,9875,0
9879,66,8412,9878,0
9896,66,8412,9895,0
9977,66,7619,9973,0
9978,22,157,9977,0
9979,16,88,9977,1
10249,66,987,10245,0
10259,66,987,10258,0
10270,66,987,10269,0
10277,66,987,10276,0
10288,66,987,10287,0
10293,66,987,10292,0
10331,66,987,10327,0
10335,66,987,10334,0
10500,66,987,10499,0
10506,66,987,10505,0
10816,66,10815,7619,0
10818,66,10817,7619,1
10821,60,10819,10818,0
10824,66,10823,7619,2
10830,3,10826,10824,0
10831,60,10825,10830,0
10833,60,10825,10830,1
10835,60,10825,10830,2
10837,60,10825,10830,3
10839,60,10825,10830,4
10841,60,10825,10830,5
10843,60,10825,10830,6
10845,60,10825,10830,7
10854,66,7889,10847,0
10861,66,7889,10860,0
10878,66,9096,10876,0
10881,66,9096,10879,0
10884,66,9096,10882,0
10891,66,9096,10890,0
10902,66,7619,10900,0
10903,22,157,10902,0
10904,16,88,10902,1
10909,66,7619,10907,0
10910,22,157,10909,0
10911,16,88,10909,1
10916,66,9096,10914,0
10924,66,9096,10922,0
11033,66,7619,7873,0
11034,22,157,11033,0
11035,16,88,11033,1
11071,66,10815,987,0
11072,66,10817,987,1
11073,60,10819,11072,0
11074,66,10823,987,2
11075,3,10826,11074,0
11076,60,10825,11075,0
11116,66,7889,374,0
11122,66,7889,11121,0
11134,66,9096,11132,0
11140,66,9096,11137,0
11144,66,9096,11141,0
11155,66,9096,11153,0
11158,66,9096,11156,0
11161,66,9096,11159,0
11169,66,9096,11166,0
11173,66,9096,11170,0
11204,66,9096,11203,0
11209,66,7619,11207,0
11210,22,157,11209,0
11211,16,88,11209,1
11215,66,7619,11213,0
11216,22,157,11215,0
11217,16,88,11215,1
11220,66,9096,11218,0
11264,66,9096,11262,0
11317,66,7889,11311,0
11323,66,7889,11322,0
11335,66,9096,11333,0
11341,66,9096,11338,0
11345,66,9096,11342,0
11356,66,9096,11354,0
11359,66,9096,11357,0
11362,66,9096,11360,0
11370,66,9096,11367,0
11374,66,9096,11371,0
11400,66,9096,11399,0
11406,66,7619,11404,0
11407,22,157,11406,0
11408,16,88,11406,1
11412,66,7619,11410,0
11413,22,157,11412,0
11414,16,88,11412,1
11420,66,9096,11418,0
11494,66,8412,11492,0
11505,66,987,11504,0
11519,66,8412,11517,0
11545,66,8412,11542,0
11549,66,8412,11546,0
11573,66,8412,11571,0
11630,66,7889,11629,0
11711,66,7619,11710,0
11712,22,157,11711,0
11713,16,88,11711,1
11725,66,9096,11724,0
11727,66,9096,11726,0
11729,66,9096,11728,0
11732,66,9096,180,0
11733,66,9096,3302,0
11734,66,9096,80,0
11737,66,10817,4230,0
11738,60,10819,11737,0
11740,66,10823,4230,1
11741,3,10826,11740,0
11742,60,10825,11741,0
11791,66,8412,11790,0
11794,66,7619,11792,0
11795,22,157,11794,0
11796,16,88,11794,1
11797,66,8412,11792,1
11837,66,987,2811,0
11858,66,10815,11855,0
11859,66,10817,11855,1
11860,60,10819,11859,0
11861,66,10823,11855,2
11862,3,10826,11861,0
11863,60,10825,11862,0
11864,60,10825,11862,1
11878,66,7619,11875,0
11879,22,157,11878,0
11880,16,88,11878,1
11901,66,7619,11898,0
11902,22,157,11901,0
11903,16,88,11901,1
12022,66,7889,12021,0
12058,66,7889,12057,0
12123,66,8412,12122,0
12127,66,987,12126,0
12130,66,8412,12128,0
12132,66,987,12131,0
12143,66,987,12142,0
12144,66,8412,12133,0
12182,66,7889,12181,0
12271,66,987,12270,0
12299,66,9736,12293,0
12408,66,7619,12403,0
12409,22,157,12408,0
12410,16,88,12408,1
12481,66,7619,12478,0
12482,22,157,12481,0
12483,16,88,12481,1
12489,66,7619,12484,0
12490,22,157,12489,0
12491,16,88,12489,1
12504,66,9096,12502,0
12509,66,987,12508,0
12523,66,9096,12522,0
12602,66,9096,12600,0
12605,66,9096,12603,0
12626,66,9096,12624,0
12662,66,9096,12660,0
12665,66,9096,12663,0
12667,66,9096,12666,0
12674,66,9096,5280,0
12745,66,9096,12743,0
12748,66,9096,12746,0
12767,66,9096,12765,0
12776,66,9096,12774,0
12779,66,9096,12777,0
12780,66,9096,5252,0
12794,66,7889,12793,0
12845,66,987,12844,0
12873,66,8412,12871,0
12876,66,8412,12874,0
12878,66,7619,12877,0
12879,22,157,12878,0
12880,16,88,12878,1
12887,66,8412,12884,0
12890,66,8412,12888,0
12911,66,9096,12909,0
12918,66,9096,12912,0
12920,66,9096,12919,0
12922,66,9096,12921,0
12924,66,7619,12923,0
12925,22,157,12924,0
12926,16,88,12924,1
12929,66,7619,12927,0
12930,22,157,12929,0
12931,16,88,12929,1
12932,66,8412,12927,1
12953,66,12952,12946,0
12956,60,12954,12953,0
12959,16,88,12953,1
12984,66,12952,12981,0
12985,60,12954,12984,0
12986,16,88,12984,1
13000,66,12952,12949,0
13001,60,12954,13000,0
13002,16,88,13000,1
13032,66,7889,13031,0
13063,66,987,12969,0
13092,66,7619,13091,0
13093,22,157,13092,0
13094,16,88,13092,1
13108,66,8412,13107,0
13111,66,7619,13110,0
13112,22,157,13111,0
13113,16,88,13111,1
13134,66,7619,13133,0
13135,22,157,13134,0
13136,16,88,13134,1
13149,66,7619,13148,0
13150,22,157,13149,0
13151,16,88,13149,1
13153,66,7619,13152,0
13154,22,157,13153,0
13155,16,88,13153,1
13164,66,7619,2870,0
13165,22,157,13164,0
13166,16,88,13164,1
13172,66,12952,13171,0
13173,60,12954,13172,0
13174,16,88,13172,1
13177,66,12952,13175,0
13178,60,12954,13177,0
13179,16,88,13177,1
13215,66,12952,13214,0
13216,60,12954,13215,0
13217,16,88,13215,1
13219,66,12952,13218,0
13220,60,12954,13219,0
13221,16,88,13219,1
13234,66,9096,13233,0
13247,66,9096,13245,0
13249,66,9096,13248,0
13252,66,9096,13250,0
13253,66,9096,2873,0
13255,66,9096,13254,0
13286,66,7619,13284,0
13287,22,157,13286,0
13288,16,88,13286,1
13294,66,7619,13293,0
13295,22,157,13294,0
13296,16,88,13294,1
13298,66,7619,13297,0
13299,22,157,13298,0
13300,16,88,13298,1
13302,66,7619,13301,0
13303,22,157,13302,0
13304,16,88,13302,1
13307,66,7619,13306,0
13308,22,157,13307,0
13309,16,88,13307,1
13326,66,7619,13325,0
13327,22,157,13326,0
13328,16,88,13326,1
13335,66,7619,13333,0
13336,22,157,13335,0
13337,16,88,13335,1
13339,66,7619,13338,0
13340,22,157,13339,0
13341,16,88,13339,1
13343,66,7619,13342,0
13344,22,157,13343,0
13345,16,88,13343,1
13462,66,10815,10815,0
13463,66,10817,10815,1
13464,60,10819,13463,0
13465,66,10823,10815,2
13466,3,10826,13465,0
13467,60,10825,13466,0
13480,66,7889,13479,0
13505,66,10815,10817,0
13506,66,10817,10817,1
13507,60,10819,13506,0
13508,66,10823,10817,2
13509,3,10826,13508,0
13510,60,10825,13509,0
13522,66,7889,13521,0
13548,66,10815,10823,0
13549,66,10817,10823,1
13550,60,10819,13549,0
13551,66,10823,10823,2
13552,3,10826,13551,0
13553,60,10825,13552,0
13591,66,7889,13590,0
13609,66,7889,13608,0
13793,66,9736,13792,0
13816,66,13815,13814,0
13821,66,12952,13818,0
13822,60,12954,13821,0
13824,16,88,13821,1
13839,66,7889,13838,0
13877,66,12952,13855,0
13878,60,12954,13877,0
13879,16,88,13877,1
13905,66,12952,13825,0
13906,60,12954,13905,0
13907,16,88,13905,1
13914,66,8412,13910,0
13918,66,8412,13915,0
13924,66,8412,13920,0
13928,66,8412,13925,0
13934,66,8412,13930,0
13938,66,8412,13935,0
13944,66,8412,13940,0
13948,66,8412,13945,0
13954,66,8412,13950,0
13958,66,8412,13955,0
13964,66,8412,13960,0
13968,66,8412,13965,0
13974,66,8412,13970,0
13978,66,8412,13975,0
13983,66,8412,13979,0
13987,66,8412,13984,0
13992,66,8412,13988,0
13996,66,8412,13993,0
14001,66,8412,13997,0
14005,66,8412,14002,0
14010,66,8412,14006,0
14014,66,8412,14011,0
14019,66,8412,14015,0
14023,66,8412,14020,0
14028,66,8412,14024,0
14032,66,8412,14029,0
14037,66,8412,14033,0
14041,66,8412,14038,0
14047,66,8412,14043,0
14051,66,8412,14048,0
14057,66,8412,14053,0
14061,66,8412,14058,0
14070,66,8412,14067,0
14073,66,8412,14071,0
14083,66,12952,14078,0
14084,60,12954,14083,0
14085,16,88,14083,1
14094,66,12952,13782,0
14095,60,12954,14094,0
14096,16,88,14094,1
14150,66,12952,14147,0
14151,60,12954,14150,0
14152,16,88,14150,1
14160,66,9736,14153,0
14168,66,9736,14161,0
14176,66,9736,14172,0
14180,66,9736,14177,0
14185,66,9736,14181,0
14189,66,9736,14186,0
14194,66,9736,14190,0
14198,66,9736,14195,0
14203,66,9736,14199,0
14207,66,9736,14204,0
14212,66,9736,14208,0
14216,66,9736,14213,0
14221,66,9736,14217,0
14225,66,9736,14222,0
14230,66,9736,14226,0
14234,66,9736,14231,0
14239,66,9736,14235,0
14243,66,9736,14240,0
14248,66,9736,14244,0
14252,66,9736,14249,0
14257,66,9736,14253,0
14261,66,9736,14258,0
14266,66,9736,14262,0
14270,66,9736,14267,0
14275,66,9736,14271,0
14279,66,9736,14276,0
14284,66,9736,14280,0
14288,66,9736,14285,0
14293,66,9736,14289,0
14297,66,9736,14294,0
14302,66,9736,14298,0
14306,66,9736,14303,0
14311,66,9736,14307,0
14315,66,9736,14312,0
14324,66,9736,14316,0
14331,66,9736,14325,0
14347,66,8412,14343,0
14411,66,7889,14410,0
14435,66,12952,14332,0
14436,60,12954,14435,0
14437,16,88,14435,1
14464,66,987,14434,0
14465,66,12952,14434,1
14466,60,12954,14465,0
14467,16,88,14465,1
14539,66,12952,14104,0
14540,60,12954,14539,0
14541,16,88,14539,1
14573,66,12952,13909,0
14574,60,12954,14573,0
14575,16,88,14573,1
14594,66,12952,14042,0
14595,60,12954,14594,0
14596,16,88,14594,1
14614,66,12952,14052,0
14615,60,12954,14614,0
14616,16,88,14614,1
14634,66,12952,13969,0
14635,60,12954,14634,0
14636,16,88,14634,1
14654,66,12952,13919,0
14655,60,12954,14654,0
14656,16,88,14654,1
14674,66,12952,13939,0
14675,60,12954,14674,0
14676,16,88,14674,1
14694,66,12952,13949,0
14695,60,12954,14694,0
14696,16,88,14694,1
14714,66,12952,13929,0
14715,60,12954,14714,0
14716,16,88,14714,1
14734,66,12952,13959,0
14735,60,12954,14734,0
14736,16,88,14734,1
14752,66,12952,14109,0
14753,60,12954,14752,0
14754,16,88,14752,1
14757,66,9736,14756,0
15198,66,9736,15195,0
15201,66,9736,15199,0
15204,66,9736,15202,0
15207,66,9736,15205,0
15210,66,9736,15208,0
15213,66,9736,15211,0
15229,66,9736,15227,0
15237,66,9736,15236,0
15290,66,15289,15287,0
15293,66,9736,15291,0
15296,66,9736,15294,0
15306,66,9736,15304,0
15310,66,9736,15307,0
15314,66,9736,15311,0
15323,66,9736,15320,0
15327,66,9736,15324,0
15329,66,15328,15324,1
15372,66,7889,15371,0
15430,66,13815,15427,0
15432,66,13815,15431,0
15451,66,7889,15450,0
15608,66,13815,15607,0
15612,66,13815,15611,0
15632,66,15328,15630,0
15636,66,15328,15634,0
15656,66,13815,15655,0
15705,66,15289,15702,0
15706,66,15328,15702,1
15710,66,15289,15708,0
15711,66,15328,15708,1
15790,66,13815,15789,0
16070,66,10817,16065,0
16071,60,10819,16070,0
16072,66,10823,16065,1
16073,3,10826,16072,0
16074,60,10825,16073,0
16077,66,987,16076,0
16115,66,7889,16114,0
16154,66,16065,16152,0
16155,66,9096,16152,1
16159,66,16065,16157,0
16160,66,9096,16157,1
16164,66,16065,16162,0
16165,66,9096,16162,1
16169,66,16065,16167,0
16170,66,9096,16167,1
16174,66,16065,16172,0
16175,66,9096,16172,1
16179,66,16065,16177,0
16180,66,9096,16177,1
16184,66,16065,16182,0
16185,66,9096,16182,1
16189,66,16065,16187,0
16190,66,9096,16187,1
16209,66,7889,16208,0
16255,66,13815,16252,0
16267,66,7889,16266,0
16312,66,13815,16311,0
16321,66,15328,16316,0
16331,66,15328,16327,0
16355,66,15328,16351,0
16412,66,15328,16407,0
16430,66,15328,16428,0
16431,66,9096,16428,1
16435,66,15328,16432,0
16436,66,9096,16432,1
16441,66,15328,16437,0
16556,66,7889,16555,0
16623,66,7619,16620,0
16624,22,157,16623,0
16625,16,88,16623,1
16814,66,12952,16810,0
16815,60,12954,16814,0
16816,16,88,16814,1
16821,66,12952,16817,0
16822,60,12954,16821,0
16823,16,88,16821,1
16828,66,12952,16824,0
16829,60,12954,16828,0
16830,16,88,16828,1
16835,66,12952,16831,0
16836,60,12954,16835,0
16837,16,88,16835,1
16842,66,12952,16838,0
16843,60,12954,16842,0
16844,16,88,16842,1
16849,66,12952,16845,0
16850,60,12954,16849,0
16851,16,88,16849,1
16854,66,12952,16852,0
16855,60,12954,16854,0
16856,16,88,16854,1
17060,66,8412,17059,0
17061,66,9736,17059,1
17095,66,7889,17094,0
17316,66,9736,17314,0
17321,66,9736,17320,0
17324,66,15289,17322,0
17327,66,9736,17325,0
17330,66,9736,17328,0
17333,66,9736,17331,0
17346,66,13815,17345,0
17351,66,13815,17347,0
17353,66,13815,17352,0
17378,66,7889,17377,0
17450,66,7889,17449,0
17525,66,9736,17524,0
17527,66,9736,17526,0
17529,66,9736,17528,0
17531,66,9736,17530,0
17533,66,9736,17532,0
17538,66,9736,17536,0
17541,66,7889,17540,0
17552,66,9736,17550,0
17555,66,9736,17553,0
17565,66,16065,17563,0
17566,66,9096,17563,1
17569,66,16065,17567,0
17570,66,9096,17567,1
17573,66,16065,17571,0
17574,66,9096,17571,1
17577,66,16065,17575,0
17578,66,9096,17575,1
17581,66,16065,17579,0
17582,66,9096,17579,1
17585,66,16065,17583,0
17586,66,9096,17583,1
17589,66,16065,17587,0
17590,66,9096,17587,1
17593,66,16065,17591,0
17594,66,9096,17591,1
17597,66,16065,17595,0
17598,66,9096,17595,1
17601,66,16065,17599,0
17602,66,9096,17599,1
17605,66,16065,17603,0
17606,66,9096,17603,1
17609,66,16065,17607,0
17610,66,9096,17607,1
17613,66,16065,17611,0
17614,66,9096,17611,1
17617,66,16065,17615,0
17618,66,9096,17615,1
17621,66,16065,17619,0
17622,66,9096,17619,1
17625,66,16065,17623,0
17626,66,9096,17623,1
17629,66,16065,17627,0
17630,66,9096,17627,1
17633,66,16065,17631,0
17634,66,9096,17631,1
17637,66,16065,17635,0
17638,66,9096,17635,1
17641,66,16065,17639,0
17642,66,9096,17639,1
17645,66,16065,17643,0
17646,66,9096,17643,1
17649,66,16065,17647,0
17650,66,9096,17647,1
17653,66,16065,17651,0
17654,66,9096,17651,1
17657,66,16065,17655,0
17658,66,9096,17655,1
17661,66,16065,17659,0
17662,66,9096,17659,1
17665,66,16065,17663,0
17666,66,9096,17663,1
17669,66,16065,17667,0
17670,66,9096,17667,1
17673,66,16065,17671,0
17674,66,9096,17671,1
17677,66,16065,17675,0
17678,66,9096,17675,1
17681,66,16065,17679,0
17682,66,9096,17679,1
17685,66,16065,17683,0
17686,66,9096,17683,1
17697,66,13815,17696,0
17699,66,13815,17698,0
17733,66,7889,17732,0
17887,66,7889,17886,0
17938,66,7889,17937,0
17976,66,7889,17975,0
18040,66,7889,18039,0
18082,66,7889,18081,0
18107,66,987,18106,0
18192,66,7889,18191,0
18205,66,7889,18204,0
18210,66,7889,18209,0
18215,66,7889,18214,0
18283,66,9736,10677,0
18284,66,7619,10705,0
18285,22,157,18284,0
18286,16,88,18284,1
18287,66,9096,10722,0
18296,66,987,18295,0
18422,66,7619,18421,0
18423,22,157,18422,0
18424,16,88,18422,1
18427,66,8412,18425,0
18429,66,7619,18428,0
18430,22,157,18429,0
18431,16,88,18429,1
18439,66,8412,18438,0
18444,66,8412,18442,0
18451,66,8412,18448,0
18535,66,8412,18533,0
18536,66,9736,18533,1
18573,66,8412,18571,0
18693,66,8412,18690,0
18694,66,9736,18690,1
18700,66,8412,18697,0
18701,66,9736,18697,1
18707,66,8412,18704,0
18708,66,9736,18704,1
18714,66,8412,18711,0
18715,66,9736,18711,1
18721,66,8412,18718,0
18722,66,9736,18718,1
18728,66,8412,18725,0
18729,66,9736,18725,1
18735,66,8412,18732,0
18736,66,9736,18732,1
18742,66,8412,18739,0
18743,66,9736,18739,1
18749,66,8412,18746,0
18750,66,9736,18746,1
18755,66,8412,18753,0
18756,66,9736,18753,1
18761,66,8412,18759,0
18762,66,9736,18759,1
18767,66,8412,18765,0
18768,66,9736,18765,1
18773,66,8412,18771,0
18774,66,9736,18771,1
18779,66,8412,18777,0
18780,66,9736,18777,1
18785,66,8412,18783,0
18786,66,9736,18783,1
18791,66,8412,18789,0
18792,66,9736,18789,1
18797,66,8412,18795,0
18798,66,9736,18795,1
18803,66,8412,18801,0
18804,66,9736,18801,1
18824,66,8412,18822,0
18881,66,8412,18878,0
18882,66,9736,18878,1
18883,66,9096,18878,2
18921,66,8412,18919,0
19075,66,7619,19072,0
19076,22,157,19075,0
19077,16,88,19075,1
19134,66,7619,19131,0
19135,22,157,19134,0
19136,16,88,19134,1
19145,66,7619,19141,0
19146,22,157,19145,0
19147,16,88,19145,1
19230,66,7619,19229,0
19231,22,157,19230,0
19232,16,88,19230,1
19234,66,7619,19233,0
19235,22,157,19234,0
19236,16,88,19234,1
19238,66,7619,19237,0
19239,22,157,19238,0
19240,16,88,19238,1
19242,66,7619,19241,0
19243,22,157,19242,0
19244,16,88,19242,1
19246,66,7619,19245,0
19247,22,157,19246,0
19248,16,88,19246,1
19250,66,7619,19249,0
19251,22,157,19250,0
19252,16,88,19250,1
19254,66,7619,19253,0
19255,22,157,19254,0
19256,16,88,19254,1
19258,66,7619,19257,0
19259,22,157,19258,0
19260,16,88,19258,1
19468,66,7889,19467,0
19728,66,7889,19727,0
19988,66,7619,19986,0
19989,22,157,19988,0
19990,16,88,19988,1
19994,66,7619,19991,0
19995,22,157,19994,0
19996,16,88,19994,1
20098,66,7619,20091,0
20099,22,157,20098,0
20100,16,88,20098,1
20178,66,9736,20177,0
21379,66,12952,21374,0
21380,60,12954,21379,0
21381,16,88,21379,1
21739,66,7889,21738,0
21775,66,987,21768,0
21786,66,987,21785,0
21863,66,7889,21862,0
21899,66,987,21898,0
21980,66,987,21832,0
22177,66,987,22176,0
22231,66,7619,13206,0
22232,22,157,22231,0
22233,16,88,22231,1
22281,66,7619,22241,0
22282,22,157,22281,0
22283,16,88,22281,1
22351,66,7619,22244,0
22352,22,157,22351,0
22353,16,88,22351,1
22393,66,7619,22392,0
22394,22,157,22393,0
22395,16,88,22393,1
22468,66,987,22464,0
22482,66,987,22478,0
22567,66,987,22566,0
22576,66,987,22575,0
22585,66,987,22584,0
22632,66,7619,22631,0
22633,22,157,22632,0
22634,16,88,22632,1
22647,66,7619,22643,0
22648,22,157,22647,0
22649,16,88,22647,1
22654,66,7619,22653,0
22655,22,157,22654,0
22656,16,88,22654,1
22976,66,7889,22975,0
23004,66,987,22998,0
23009,66,987,23008,0
23052,66,7889,13120,0
23173,66,7889,22067,0
23208,66,987,23207,0
23286,66,7889,23282,0
23358,66,987,23357,0
23523,66,987,23522,0
23575,66,987,23574,0
23578,66,987,23577,0
23579,66,7889,23315,0
23614,66,987,23613,0
23773,66,7889,23308,0
23811,66,987,23810,0
23928,66,7889,23927,0
23951,66,987,23950,0
24002,66,7889,23196,0
24042,66,987,24041,0
24169,66,987,24168,0
24177,66,7889,23317,0
24213,66,987,24212,0
24304,66,7889,23337,0
24378,66,7889,22940,0
24418,66,7889,23195,0
24441,66,987,24440,0
24514,66,987,24513,0
24597,66,987,24596,0
24598,66,7889,23192,0
24620,66,987,24619,0
24864,66,987,24863,0
24894,66,987,24893,0
25032,66,987,25031,0
25127,66,7889,25126,0
25162,66,987,25161,0
25186,66,987,25185,0
25236,66,987,25235,0
25239,66,987,25238,0
25441,66,987,25440,0
25494,66,987,25493,0
25545,66,7889,25544,0
25582,66,987,25581,0
25607,66,7889,25606,0
25644,66,7889,25643,0
25687,66,7889,25686,0
25732,66,7889,25731,0
25820,66,7889,25819,0
25902,66,987,25901,0
25913,66,987,22993,0
25951,66,987,23000,0
26065,66,7889,26064,0
26205,66,987,26204,0
26221,66,987,26220,0
26250,66,987,26249,0
26266,66,987,26265,0
26338,66,987,26337,0
26343,66,987,26342,0
26344,66,987,26341,0
26374,66,987,26373,0
26382,66,987,26381,0
26390,66,987,26389,0
26410,66,987,26409,0
26447,66,987,26446,0
26464,66,987,26463,0
26877,66,987,26876,0
26889,66,987,26888,0
26995,66,987,26994,0
27007,66,987,27006,0
27272,66,987,27271,0
27283,66,987,27282,0
27336,66,11855,27327,0
27385,66,9096,27369,0
27433,66,9096,27418,0
27528,66,987,27527,0
27540,66,987,27539,0
27591,66,9096,27588,0
27602,66,9096,27599,0
27646,66,987,27645,0
27658,66,987,27657,0
27754,66,987,27753,0
27755,66,987,27749,0
27767,66,987,27766,0
27768,66,987,27765,0
27778,66,987,27777,0
27779,66,987,27776,0
27792,66,987,27791,0
27803,66,987,27802,0
27822,66,987,27821,0
27833,66,987,27832,0
27953,66,987,27952,0
27993,66,11855,27982,0
28025,66,987,28024,0
28030,66,987,28029,0
28384,66,987,28383,0
28408,66,987,28407,0
28468,66,987,28467,0
28491,66,987,28490,0
28503,66,987,1376,0
28508,66,987,28504,0
28512,66,987,28511,0
28517,66,987,28516,0
28522,66,987,28518,0
28526,66,987,28525,0
28531,66,987,28530,0
28536,66,987,28532,0
28540,66,987,28539,0
28545,66,987,28544,0
28554,66,987,28553,0
28561,66,987,28560,0
28566,66,987,28565,0
28573,66,987,28572,0
28578,66,987,28577,0
28582,66,987,28581,0
28587,66,987,28586,0
28591,66,987,28590,0
28596,66,987,28595,0
28604,66,987,28603,0
28612,66,987,28611,0
28616,66,987,28615,0
28620,66,987,28619,0
28624,66,987,28623,0
28637,66,987,28636,0
28644,66,987,28643,0
28649,66,987,28648,0
28651,66,987,28650,0
28670,66,7619,28669,0
28671,22,157,28670,0
28672,16,88,28670,1
28674,66,7619,28673,0
28675,22,157,28674,0
28676,16,88,28674,1
28678,66,7619,28677,0
28679,22,157,28678,0
28680,16,88,28678,1
28698,66,7619,28696,0
28699,22,157,28698,0
28700,16,88,28698,1
28702,66,7619,28701,0
28703,22,157,28702,0
28704,16,88,28702,1
28707,66,7619,28705,0
28708,22,157,28707,0
28709,16,88,28707,1
28711,66,7619,28710,0
28712,22,157,28711,0
28713,16,88,28711,1
28716,66,7619,28714,0
28717,22,157,28716,0
28718,16,88,28716,1
28720,66,7619,28719,0
28721,22,157,28720,0
28722,16,88,28720,1
28724,66,7619,28723,0
28725,22,157,28724,0
28726,16,88,28724,1
28729,66,7619,28727,0
28730,22,157,28729,0
28731,16,88,28729,1
28733,66,7619,28732,0
28734,22,157,28733,0
28735,16,88,28733,1
28738,66,7619,28736,0
28739,22,157,28738,0
28740,16,88,28738,1
28742,66,7619,28741,0
28743,22,157,28742,0
28744,16,88,28742,1
28747,66,7619,28745,0
28748,22,157,28747,0
28749,16,88,28747,1
28751,66,7619,28750,0
28752,22,157,28751,0
28753,16,88,28751,1
28756,66,7619,28754,0
28757,22,157,28756,0
28758,16,88,28756,1
28766,66,7619,28759,0
28767,22,157,28766,0
28768,16,88,28766,1
28772,66,7619,28770,0
28773,22,157,28772,0
28774,16,88,28772,1
28782,66,7619,28775,0
28783,22,157,28782,0
28784,16,88,28782,1
28791,66,7619,28785,0
28792,22,157,28791,0
28793,16,88,28791,1
28798,66,7619,28794,0
28799,22,157,28798,0
28800,16,88,28798,1
28813,66,987,28812,0
28830,66,987,28829,0
28962,66,987,28961,0
28979,66,987,28978,0
29111,66,11855,29092,0
29284,66,987,29283,0
29292,66,987,29291,0
29300,66,987,29299,0
29320,66,987,29319,0
29481,66,987,29480,0
29491,66,987,29490,0
29507,66,987,29506,0
29530,66,11855,1195,0
29536,66,987,29535,0
29565,66,7889,29564,0
29607,66,7889,29606,0
29647,66,7889,29646,0
29815,66,7619,29813,0
29816,22,157,29815,0
29817,16,88,29815,1
29821,66,7619,29818,0
29822,22,157,29821,0
29823,16,88,29821,1
29828,66,7619,29824,0
29829,22,157,29828,0
29830,16,88,29828,1
29895,66,987,29894,0
29900,66,987,29899,0
29906,66,987,29905,0
29911,66,987,29910,0
29921,66,987,29920,0
29931,66,987,29930,0
29939,66,11855,10072,0
29962,66,987,29961,0
29970,66,987,29969,0
29978,66,987,29977,0
29998,66,987,29997,0
30077,66,987,30076,0
30080,66,987,30079,0
30134,66,987,30133,0
30151,66,987,30150,0
30229,66,987,30228,0
30232,66,987,30231,0
30277,66,9736,30274,0
30289,66,9736,30286,0
30301,66,987,30300,0
30314,66,9736,30310,0
30318,66,9736,30315,0
30327,66,987,30326,0
30344,66,7889,7886,0
30357,66,987,30356,0
30363,66,987,30362,0
30372,66,7889,30371,0
30376,66,987,30375,0
30382,66,7889,30381,0
30389,66,7889,30388,0
30393,66,987,30392,0
30397,66,7889,30396,0
30402,66,987,30401,0
30404,66,987,30403,0
30408,66,987,30407,0
30420,66,7889,30419,0
30425,66,7889,30424,0
30430,66,7889,30429,0
30434,66,7889,30431,0
30447,66,987,30446,0
30470,66,7889,30467,0
30483,66,987,30482,0
30506,66,7889,30503,0
30519,66,987,30518,0
30550,66,987,30549,0
30592,66,987,30591,0
30611,66,987,30610,0
30786,66,987,30785,0
30798,66,987,30797,0
30890,66,7619,30887,0
30891,22,157,30890,0
30892,16,88,30890,1
30915,66,987,30914,0
30932,66,987,30931,0
30963,66,30962,6798,0
30965,22,157,30963,0
30967,17,87,30963,1
30969,17,87,30963,2
30971,17,87,30963,3
30973,17,87,30963,4
30975,22,157,30963,5
30977,16,88,30963,6
30979,16,88,30963,7
31094,66,8412,31093,0
31100,66,8412,31095,0
31105,66,8412,31101,0
31110,66,8412,31106,0
31115,66,8412,31111,0
31119,66,8412,31116,0
31123,66,8412,31120,0
31127,66,8412,31124,0
31130,66,8412,31128,0
31149,66,987,31148,0
31165,66,987,31164,0
31188,66,11855,26525,0
31195,66,987,31194,0
31201,66,987,31200,0
31209,66,987,31208,0
31229,66,987,31228,0
31265,66,987,31264,0
31282,66,987,31281,0
31346,66,987,31345,0
31349,66,987,31348,0
31363,66,987,31362,0
31436,66,987,31435,0
31467,66,987,31466,0
31475,66,987,31474,0
31534,66,987,31533,0
31546,66,987,31545,0
31622,66,987,31618,0
31647,66,987,31646,0
31664,66,987,31663,0
31736,66,987,31735,0
31753,66,987,31752,0
31897,66,987,31896,0
31905,66,987,31904,0
31913,66,987,31912,0
31933,66,987,31932,0
32007,66,987,32006,0
32019,66,987,32018,0
32033,66,987,32032,0
32071,66,987,32070,0
32084,66,987,32083,0
32091,66,987,32090,0
32098,66,987,32097,0
32111,66,987,32110,0
32116,66,987,32115,0
32120,66,987,32119,0
32131,66,987,32130,0
32133,66,987,32132,0
32141,66,987,32140,0
32146,66,987,32145,0
32150,66,987,32149,0
32155,66,987,32154,0
32162,66,987,32161,0
32169,66,987,32168,0
32182,66,987,32181,0
32187,66,987,32186,0
32198,66,987,32197,0
32206,66,987,32205,0
32211,66,987,32210,0
32213,66,987,32212,0
32218,66,987,32217,0
32225,66,987,32224,0
32232,66,987,32231,0
32245,66,987,32244,0
32250,66,987,32249,0
32252,66,987,32251,0
32263,66,987,32262,0
32271,66,987,32270,0
32276,66,987,32275,0
32278,66,987,32277,0
32286,66,987,32282,0
32296,66,987,32292,0
32306,66,987,32302,0
32319,66,987,32318,0
32324,66,987,32323,0
32332,66,987,32331,0
32340,66,987,32339,0
32345,66,987,32344,0
32415,66,987,32414,0
32419,66,987,32418,0
32627,66,987,32626,0
32642,66,987,32641,0
32657,66,987,32656,0
32673,66,987,32672,0
32688,66,987,32687,0
32694,66,987,32693,0
32718,66,7889,32717,0
32777,66,7889,32776,0
32906,66,7619,32903,0
32907,22,157,32906,0
32908,16,88,32906,1
32922,66,987,10328,0
32928,66,987,32927,0
32930,66,987,32929,0
32939,66,987,10246,0
32943,66,987,32942,0
32950,66,987,32949,0
32956,66,987,32955,0
32959,66,987,32958,0
32964,66,987,32963,0
32968,66,987,27750,0
32973,66,987,32972,0
32974,66,987,32971,0
32979,66,987,32978,0
32984,66,987,32983,0
32985,66,987,32982,0
32990,66,987,32989,0
32992,66,987,983,0
32996,66,987,32995,0
33003,66,987,27732,0
33009,66,987,28933,0
33018,66,987,33014,0
33024,66,987,33021,0
33034,66,987,30450,0
33039,66,987,33036,0
33045,66,987,33042,0
33051,66,987,33048,0
33061,66,987,1391,0
33065,66,987,33064,0
33069,66,987,33068,0
33076,66,987,33075,0
33080,66,987,33079,0
33087,66,987,33086,0
33092,66,987,27723,0
33098,66,987,29452,0
33104,66,987,1086,0
33110,66,987,33107,0
33120,66,987,30486,0
33124,66,987,27241,0
33129,66,987,27248,0
33134,66,987,27255,0
33144,66,987,13871,0
33150,66,987,29858,0
33159,66,987,33155,0
33165,66,987,33162,0
33175,66,987,30522,0
33180,66,987,33177,0
33186,66,987,33183,0
33192,66,987,33189,0
33204,66,987,33200,0
33212,66,987,33208,0
33220,66,987,33216,0
33225,66,987,1047,0
33227,66,987,33226,0
33231,66,987,33230,0
33236,66,987,33235,0
33240,66,987,33239,0
33245,66,987,33244,0
33254,66,987,6407,0
33258,66,987,32303,0
33263,66,987,28505,0
33268,66,987,32283,0
33273,66,987,28533,0
33278,66,987,32293,0
33283,66,987,28519,0
33288,66,987,33287,0
33291,66,987,33290,0
33296,66,987,33295,0
33299,66,987,33298,0
33304,66,987,33303,0
33307,66,987,1387,0
33309,66,987,33308,0
33314,66,987,33313,0
33315,66,987,33312,0
33412,66,7889,33411,0
33452,66,987,33451,0
33455,66,987,33454,0
33459,66,987,33458,0
33460,66,987,33457,0
33463,66,987,33462,0
33471,66,987,33470,0
33474,66,987,33473,0
33478,66,987,33477,0
33479,66,987,33476,0
33487,66,987,33486,0
33491,66,987,33490,0
33492,66,987,33489,0
33495,66,987,33494,0
33498,66,987,33497,0
33512,66,987,33507,0
33566,66,987,33565,0
33571,66,987,33570,0
33574,66,987,33573,0
33577,66,987,33576,0
33605,66,987,33604,0
33613,66,987,33612,0
33622,66,987,33621,0
33640,66,987,33635,0
33700,66,987,33699,0
33705,66,987,33704,0
33708,66,987,33707,0
33711,66,987,33710,0
33739,66,987,33738,0
33754,66,987,33753,0
33772,66,987,33767,0
33833,66,987,33832,0
33838,66,987,33837,0
33841,66,987,33840,0
33844,66,987,33843,0
33872,66,987,33871,0
33880,66,987,33879,0
33889,66,987,33888,0
33899,66,987,33898,0
33903,66,987,33902,0
33947,66,987,33946,0
33957,66,987,33956,0
33961,66,987,33960,0
33962,66,987,33959,0
33971,66,987,33970,0
33972,66,987,33969,0
33981,66,11855,33973,0
34000,66,987,33999,0
34003,66,7889,34002,0
34008,66,987,34007,0
34017,66,987,34016,0
34035,66,987,34034,0
34038,66,987,34037,0
34041,66,987,34040,0
34047,66,987,34046,0
34051,66,987,34050,0
34052,66,987,34049,0
34055,66,987,34054,0
34056,66,987,34053,0
34069,66,987,34068,0
34072,66,987,34071,0
34094,66,987,34093,0
34100,66,987,34099,0
34106,66,987,34105,0
34115,66,987,34114,0
34119,66,987,34118,0
34121,66,987,34120,0
34125,66,987,34124,0
34129,66,987,34128,0
34144,66,987,34143,0
34146,66,987,34145,0
34150,66,987,34149,0
34154,66,987,34153,0
34165,66,987,34164,0
34210,66,987,34209,0
34216,66,987,34215,0
34218,66,7619,34211,0
34219,22,157,34218,0
34220,16,88,34218,1
34223,66,987,34222,0
34229,66,987,34228,0
34231,66,7619,34224,0
34232,22,157,34231,0
34233,16,88,34231,1
34239,66,987,34238,0
34240,66,7619,34234,0
34241,22,157,34240,0
34242,16,88,34240,1
34249,66,987,34248,0
34250,66,7619,34244,0
34251,22,157,34250,0
34252,16,88,34250,1
34258,66,987,34257,0
34263,66,7619,34261,0
34264,22,157,34263,0
34265,16,88,34263,1
34286,66,10817,7889,0
34287,60,10819,34286,0
34288,66,10823,7889,1
34289,3,10826,34288,0
34290,60,10825,34289,0
34368,66,987,34367,0
34371,66,987,34370,0
34376,66,987,34375,0
34395,66,9736,34392,0
34399,66,9736,34396,0
34408,66,9736,34404,0
34464,66,9736,34460,0
34509,66,9736,34508,0
34512,66,9736,34510,0
34559,66,9736,34558,0
34573,66,7889,34572,0
34601,66,10817,12952,0
34602,60,10819,34601,0
34603,66,10823,12952,1
34604,3,10826,34603,0
34605,60,10825,34604,0
34606,60,10825,34604,1
34607,60,10825,34604,2
34608,60,10825,34604,3
34609,60,10825,34604,4
34610,60,10825,34604,5
34632,66,10817,34625,0
34633,60,10819,34632,0
34634,66,10823,34625,1
34635,3,10826,34634,0
34636,60,10825,34635,0
34637,60,10825,34635,1
34642,66,987,34641,0
34652,66,9736,34647,0
34658,66,9736,34653,0
34664,66,9736,34659,0
34670,66,9736,34665,0
34676,66,9736,34671,0
34682,66,9736,34677,0
34689,66,9736,34683,0
34696,66,9736,34690,0
34703,66,9736,34697,0
34710,66,9736,34704,0
34717,66,9736,34711,0
34724,66,9736,34718,0
34731,66,9736,34725,0
34738,66,9736,34732,0
34744,66,9736,34739,0
34749,66,9736,34745,0
34755,66,9736,34750,0
34760,66,9736,34756,0
34766,66,9736,34761,0
34771,66,9736,34767,0
34777,66,9736,34772,0
34782,66,9736,34778,0
34788,66,9736,34783,0
34794,66,9736,34789,0
34800,66,9736,34795,0
34806,66,9736,34801,0
34812,66,9736,34807,0
34818,66,9736,34813,0
34825,66,9736,34819,0
34832,66,9736,34826,0
34839,66,9736,34833,0
34846,66,9736,34840,0
34853,66,9736,34847,0
34860,66,9736,34854,0
34867,66,9736,34861,0
34874,66,9736,34868,0
34880,66,9736,34875,0
34885,66,9736,34881,0
34891,66,9736,34886,0
34896,66,9736,34892,0
34902,66,9736,34897,0
34907,66,9736,34903,0
34913,66,9736,34908,0
34918,66,9736,34914,0
34924,66,9736,34919,0
34930,66,9736,34925,0
34936,66,9736,34931,0
34942,66,9736,34937,0
34948,66,9736,34943,0
34954,66,9736,34949,0
34960,66,9736,34955,0
34966,66,9736,34961,0
34972,66,9736,34967,0
34978,66,9736,34973,0
34984,66,9736,34979,0
34990,66,9736,34985,0
34996,66,9736,34991,0
35002,66,9736,34997,0
35008,66,9736,35003,0
35015,66,9736,35009,0
35022,66,9736,35016,0
35029,66,9736,35023,0
35036,66,9736,35030,0
35043,66,9736,35037,0
35050,66,9736,35044,0
35057,66,9736,35051,0
35064,66,9736,35058,0
35070,66,9736,35065,0
35075,66,9736,35071,0
35081,66,9736,35076,0
35086,66,9736,35082,0
35092,66,9736,35087,0
35097,66,9736,35093,0
35104,66,9736,35098,0
35110,66,9736,35105,0
35116,66,9736,35111,0
35121,66,9736,35117,0
35127,66,9736,35122,0
35133,66,9736,35128,0
35139,66,9736,35134,0
35145,66,9736,35140,0
35151,66,9736,35146,0
35157,66,9736,35152,0
35163,66,9736,35158,0
35169,66,9736,35164,0
35175,66,9736,35170,0
35181,66,9736,35176,0
35187,66,9736,35182,0
35193,66,9736,35188,0
35199,66,9736,35194,0
35205,66,9736,35200,0
35211,66,9736,35206,0
35218,66,9736,35212,0
35225,66,9736,35219,0
35232,66,9736,35226,0
35239,66,9736,35233,0
35246,66,9736,35240,0
35253,66,9736,35247,0
35260,66,9736,35254,0
35267,66,9736,35261,0
35273,66,9736,35268,0
35278,66,9736,35274,0
35284,66,9736,35279,0
35289,66,9736,35285,0
35295,66,9736,35290,0
35300,66,9736,35296,0
35307,66,9736,35301,0
35313,66,9736,35308,0
35319,66,9736,35314,0
35324,66,9736,35320,0
35330,66,9736,35325,0
35336,66,9736,35331,0
35342,66,9736,35337,0
35348,66,9736,35343,0
35354,66,9736,35349,0
35360,66,9736,35355,0
35366,66,9736,35361,0
35372,66,9736,35367,0
35378,66,9736,35373,0
35384,66,9736,35379,0
35390,66,9736,35385,0
35396,66,9736,35391,0
35402,66,9736,35397,0
35407,66,9736,35403,0
35413,66,9736,35408,0
35418,66,9736,35414,0
35424,66,9736,35419,0
35429,66,9736,35425,0
35436,66,9736,35430,0
35442,66,9736,35437,0
35448,66,9736,35443,0
35453,66,9736,35449,0
35459,66,9736,35454,0
35465,66,9736,35460,0
35471,66,9736,35466,0
35477,66,9736,35472,0
35483,66,9736,35478,0
35489,66,9736,35484,0
35495,66,9736,35490,0
35501,66,9736,35496,0
35507,66,9736,35502,0
35513,66,9736,35508,0
35519,66,9736,35514,0
35525,66,9736,35520,0
35531,66,9736,35526,0
35536,66,9736,35532,0
35542,66,9736,35537,0
35547,66,9736,35543,0
35553,66,9736,35548,0
35558,66,9736,35554,0
35565,66,9736,35559,0
35571,66,9736,35566,0
35577,66,9736,35572,0
35582,66,9736,35578,0
35588,66,9736,35583,0
35594,66,9736,35589,0
35600,66,9736,35595,0
35606,66,9736,35601,0
35612,66,9736,35607,0
35618,66,9736,35613,0
35624,66,9736,35619,0
35630,66,9736,35625,0
35636,66,9736,35631,0
35642,66,9736,35637,0
35648,66,9736,35643,0
35654,66,9736,35649,0
35660,66,9736,35655,0
35665,66,9736,35661,0
35671,66,9736,35666,0
35676,66,9736,35672,0
35682,66,9736,35677,0
35687,66,9736,35683,0
35693,66,9736,35688,0
35698,66,9736,35694,0
35739,66,9736,35716,0
35761,66,9736,35744,0
35797,66,9736,35770,0
35822,66,9736,35802,0
35830,66,34625,35823,0
35831,66,9736,35823,1
35839,66,9736,35832,0
35845,66,34625,35840,0
35846,66,9736,35840,1
35852,66,9736,35847,0
35858,66,34625,35853,0
35859,66,9736,35853,1
35865,66,9736,35860,0
35871,66,34625,35866,0
35872,66,9736,35866,1
35878,66,9736,35873,0
35888,66,9736,35879,0
35895,66,9736,35889,0
35905,66,9736,35896,0
35914,66,9736,35906,0
35928,66,7619,35923,0
35929,22,157,35928,0
35930,16,88,35928,1
35936,66,7619,35931,0
35937,22,157,35936,0
35938,16,88,35936,1
35944,66,7619,35939,0
35945,22,157,35944,0
35946,16,88,35944,1
35952,66,7619,35947,0
35953,22,157,35952,0
35954,16,88,35952,1
35960,66,7619,35955,0
35961,22,157,35960,0
35962,16,88,35960,1
35968,66,7619,35963,0
35969,22,157,35968,0
35970,16,88,35968,1
35976,66,7619,35971,0
35977,22,157,35976,0
35978,16,88,35976,1
35984,66,7619,35979,0
35985,22,157,35984,0
35986,16,88,35984,1
35991,66,7619,35987,0
35992,22,157,35991,0
35993,16,88,35991,1
35998,66,7619,35994,0
35999,22,157,35998,0
36000,16,88,35998,1
36005,66,7619,36001,0
36006,22,157,36005,0
36007,16,88,36005,1
36012,66,7619,36008,0
36013,22,157,36012,0
36014,16,88,36012,1
36019,66,7619,36015,0
36020,22,157,36019,0
36021,16,88,36019,1
36026,66,7619,36022,0
36027,22,157,36026,0
36028,16,88,36026,1
36033,66,7619,36029,0
36034,22,157,36033,0
36035,16,88,36033,1
36039,66,7619,36036,0
36040,22,157,36039,0
36041,16,88,36039,1
36045,66,7619,36042,0
36046,22,157,36045,0
36047,16,88,36045,1
36051,66,7619,36048,0
36052,22,157,36051,0
36053,16,88,36051,1
36057,66,7619,36054,0
36058,22,157,36057,0
36059,16,88,36057,1
36071,66,9096,36067,0
36081,66,9096,36077,0
36091,66,9096,36087,0
36101,66,9096,36097,0
36109,66,9096,36106,0
36117,66,9096,36114,0
36125,66,9096,36122,0
36133,66,9096,36130,0
36137,66,9096,36136,0
36140,66,9096,36139,0
36142,66,9096,36141,0
36144,66,9096,36143,0
36149,66,9736,36145,0
36154,66,9736,36150,0
36159,66,9736,36155,0
36164,66,9736,36160,0
36169,66,9736,36165,0
36174,66,9736,36170,0
36179,66,9736,36175,0
36184,66,9736,36180,0
36189,66,9736,36185,0
36194,66,9736,36190,0
36199,66,9736,36195,0
36204,66,9736,36200,0
36209,66,9736,36205,0
36214,66,9736,36210,0
36219,66,9736,36215,0
36224,66,9736,36220,0
36229,66,9736,36225,0
36234,66,9736,36230,0
36239,66,9736,36235,0
36244,66,9736,36240,0
36249,66,9736,36245,0
36254,66,9736,36250,0
36259,66,9736,36255,0
36264,66,9736,36260,0
36269,66,9736,36265,0
36274,66,9736,36270,0
36279,66,9736,36275,0
36284,66,9736,36280,0
36289,66,9736,36285,0
36294,66,9736,36290,0
36299,66,9736,36295,0
36304,66,9736,36300,0
36309,66,9736,36305,0
36314,66,9736,36310,0
36319,66,9736,36315,0
36324,66,9736,36320,0
36329,66,9736,36325,0
36334,66,9736,36330,0
36339,66,9736,36335,0
36344,66,9736,36340,0
36349,66,9736,36345,0
36354,66,9736,36350,0
36359,66,9736,36355,0
36364,66,9736,36360,0
36369,66,9736,36365,0
36374,66,9736,36370,0
36379,66,9736,36375,0
36384,66,9736,36380,0
36389,66,9736,36385,0
36394,66,9736,36390,0
36399,66,9736,36395,0
36404,66,9736,36400,0
36409,66,9736,36405,0
36414,66,9736,36410,0
36419,66,9736,36415,0
36424,66,9736,36420,0
36429,66,9736,36425,0
36434,66,9736,36430,0
36439,66,9736,36435,0
36444,66,9736,36440,0
36449,66,9736,36445,0
36454,66,9736,36450,0
36459,66,9736,36455,0
36464,66,9736,36460,0
36469,66,9736,36465,0
36474,66,9096,36470,0
36479,66,9736,36475,0
36484,66,9736,36480,0
36489,66,9736,36485,0
36494,66,9736,36490,0
36499,66,9736,36495,0
36504,66,9096,36500,0
36509,66,9736,36505,0
36514,66,9736,36510,0
36519,66,9096,36515,0
36524,66,9736,36520,0
36529,66,9736,36525,0
36534,66,9096,36530,0
36539,66,9736,36535,0
36544,66,9736,36540,0
36549,66,9096,36545,0
36554,66,9736,36550,0
36559,66,9736,36555,0
36564,66,9736,36560,0
36569,66,9736,36565,0
36574,66,9736,36570,0
36579,66,9736,36575,0
36584,66,9736,36580,0
36589,66,9736,36585,0
36594,66,9736,36590,0
36599,66,9736,36595,0
36604,66,9736,36600,0
36609,66,9096,36605,0
36614,66,9736,36610,0
36619,66,9736,36615,0
36624,66,9096,36620,0
36629,66,9736,36625,0
36634,66,9736,36630,0
36639,66,9096,36635,0
36644,66,9736,36640,0
36649,66,9736,36645,0
36654,66,9096,36650,0
36661,66,9096,36658,0
36664,66,9096,36662,0
36669,66,9096,36665,0
36674,66,9096,36670,0
36679,66,9096,36675,0
36684,66,9096,36680,0
36689,66,9096,36685,0
36694,66,9096,36690,0
36699,66,9096,36695,0
36704,66,9096,36700,0
36709,66,9096,36705,0
36713,66,9096,36710,0
36717,66,9096,36714,0
36721,66,9096,36718,0
36725,66,9096,36722,0
36729,66,9096,36726,0
36733,66,9096,36730,0
36737,66,9096,36734,0
36741,66,9096,36738,0
36745,66,9096,36742,0
36750,66,9096,36746,0
36755,66,9096,36751,0
36760,66,9096,36756,0
36765,66,9096,36761,0
36770,66,9096,36766,0
36775,66,9096,36771,0
36780,66,9096,36776,0
36785,66,9096,36781,0
36790,66,9096,36786,0
36794,66,9096,36791,0
36798,66,9096,36795,0
36802,66,9096,36799,0
36806,66,9096,36803,0
36810,66,9096,36807,0
36814,66,9096,36811,0
36818,66,9096,36815,0
36822,66,9096,36819,0
36826,66,9096,36823,0
36831,66,9096,36827,0
36835,66,9096,36832,0
36840,66,9096,36836,0
36844,66,9096,36841,0
36849,66,9096,36845,0
36853,66,9096,36850,0
36858,66,9096,36854,0
36862,66,9096,36859,0
36867,66,9096,36863,0
36871,66,9096,36868,0
36876,66,9096,36872,0
36880,66,9096,36877,0
36885,66,9096,36881,0
36889,66,9096,36886,0
36894,66,9096,36890,0
36898,66,9096,36895,0
36903,66,9096,36899,0
36907,66,9096,36904,0
36913,66,9096,36908,0
36919,66,9096,36914,0
36925,66,9096,36920,0
36931,66,9096,36926,0
36937,66,9096,36932,0
36943,66,9096,36938,0
36949,66,9096,36944,0
36955,66,9096,36950,0
36961,66,9736,36956,0
36967,66,9736,36962,0
36973,66,9736,36968,0
36979,66,9736,36974,0
36985,66,9736,36980,0
36991,66,9736,36986,0
36997,66,9736,36992,0
37003,66,9736,36998,0
37009,66,9736,37004,0
37015,66,9736,37010,0
37021,66,9736,37016,0
37027,66,9736,37022,0
37033,66,9736,37028,0
37039,66,9736,37034,0
37045,66,9736,37040,0
37051,66,9736,37046,0
37057,66,9736,37052,0
37063,66,9736,37058,0
37069,66,9736,37064,0
37075,66,9736,37070,0
37081,66,9736,37076,0
37087,66,9736,37082,0
37093,66,9736,37088,0
37099,66,9736,37094,0
37105,66,9736,37100,0
37111,66,9736,37106,0
37117,66,9736,37112,0
37123,66,9736,37118,0
37129,66,9736,37124,0
37135,66,9736,37130,0
37141,66,9736,37136,0
37147,66,9736,37142,0
37153,66,9096,37148,0
37159,66,9096,37154,0
37165,66,9096,37160,0
37171,66,9096,37166,0
37177,66,9096,37172,0
37183,66,9096,37178,0
37189,66,9096,37184,0
37195,66,9096,37190,0
37201,66,9096,37196,0
37207,66,9096,37202,0
37213,66,9096,37208,0
37219,66,9096,37214,0
37225,66,9096,37220,0
37231,66,9096,37226,0
37237,66,9096,37232,0
37243,66,9096,37238,0
37249,66,9096,37244,0
37255,66,9096,37250,0
37261,66,9096,37256,0
37267,66,9096,37262,0
37273,66,9096,37268,0
37279,66,9096,37274,0
37285,66,9096,37280,0
37291,66,9096,37286,0
37297,66,9096,37292,0
37303,66,9096,37298,0
37309,66,9096,37304,0
37315,66,9096,37310,0
37321,66,9096,37316,0
37327,66,9096,37322,0
37333,66,9096,37328,0
37339,66,9096,37334,0
37347,66,9096,37345,0
37430,66,9736,37427,0
37433,66,9736,37431,0
37437,66,9736,37434,0
37440,66,9736,37438,0
37444,66,9736,37441,0
37447,66,9736,37445,0
37451,66,9736,37448,0
37454,66,9736,37452,0
37458,66,9736,37455,0
37461,66,9736,37459,0
37465,66,9736,37462,0
37468,66,9736,37466,0
37472,66,9736,37469,0
37475,66,9736,37473,0
37479,66,9736,37476,0
37482,66,9736,37480,0
37489,66,9736,37485,0
37493,66,9736,37490,0
37498,66,9096,37494,0
37502,66,9096,37499,0
37507,66,9096,37503,0
37511,66,9096,37508,0
37516,66,9096,37512,0
37520,66,9096,37517,0
37525,66,9096,37521,0
37529,66,9096,37526,0
37534,66,9096,37530,0
37538,66,9096,37535,0
37543,66,9096,37539,0
37547,66,9096,37544,0
37552,66,9096,37548,0
37556,66,9096,37553,0
37561,66,9096,37557,0
37565,66,9096,37562,0
37570,66,9096,37566,0
37574,66,9096,37571,0
37701,66,987,37700,0
37754,66,10817,8412,0
37755,60,10819,37754,0
37756,66,10823,8412,1
37757,3,10826,37756,0
37758,60,10825,37757,0
37771,66,7889,37770,0
38047,66,10817,30962,0
38048,60,10819,38047,0
38049,66,10823,30962,1
38050,3,10826,38049,0
38051,60,10825,38050,0
38149,66,7889,38148,0
38187,66,7889,38186,0
38242,66,987,38241,0
38289,66,987,38288,0
38314,66,15289,38313,0
38316,66,38315,38313,1
38318,66,15289,38317,0
38319,66,38315,38317,1
38346,66,10817,15289,0
38347,60,10819,38346,0
38348,66,10823,15289,1
38349,3,10826,38348,0
38350,60,10825,38349,0
38351,60,10825,38349,1
38354,66,10817,9736,0
38355,60,10819,38354,0
38356,66,10823,9736,1
38357,3,10826,38356,0
38358,60,10825,38357,0
38359,60,10825,38357,1
38362,66,10817,15328,0
38363,60,10819,38362,0
38364,66,10823,15328,1
38365,3,10826,38364,0
38366,60,10825,38365,0
38367,60,10825,38365,1
38370,66,10817,9096,0
38371,60,10819,38370,0
38372,66,10823,9096,1
38373,3,10826,38372,0
38374,60,10825,38373,0
38375,60,10825,38373,1
38378,66,10817,38315,0
38379,60,10819,38378,0
38380,66,10823,38315,1
38381,3,10826,38380,0
38382,60,10825,38381,0
38383,60,10825,38381,1
38386,66,10817,13815,0
38387,60,10819,38386,0
38388,66,10823,13815,1
38389,3,10826,38388,0
38390,60,10825,38389,0
38686,66,9096,38671,0
38691,66,9096,38687,0
38717,66,9096,38693,0
38737,66,9096,38719,0
38764,66,9096,38739,0
38788,66,9096,38766,0
38817,66,9096,38790,0
38842,66,9096,38819,0
38856,66,987,38855,0
38857,66,9096,38843,0
38895,66,9096,38859,0
38922,66,9096,38896,0
38937,66,9096,38923,0
38973,66,9096,38939,0
39003,66,9096,38974,0
39026,66,9096,39004,0
39054,66,9096,39028,0
39080,66,9096,39056,0
39106,66,9096,39082,0
39125,66,9096,39108,0
39143,66,9096,39127,0
39169,66,9096,39145,0
39214,66,9096,39192,0
39237,66,9096,39216,0
39258,66,9096,39239,0
39345,66,10817,3798,0
39346,60,10819,39345,0
39347,66,10823,3798,1
39348,3,10826,39347,0
39349,60,10825,39348,0
39352,66,10817,3742,0
39353,60,10819,39352,0
39354,66,10823,3742,1
39355,3,10826,39354,0
39356,60,10825,39355,0
39359,66,10817,3817,0
39360,60,10819,39359,0
39361,66,10823,3817,1
39362,3,10826,39361,0
39363,60,10825,39362,0
39364,60,10825,39362,1
39369,66,10817,3761,0
39370,60,10819,39369,0
39371,66,10823,3761,1
39372,3,10826,39371,0
39373,60,10825,39372,0
39393,66,7889,39392,0
40068,66,13815,40064,0
