"ID of argumentid","pos","ID of parentid"
79,0,8467
79,0,10563
79,0,10564
79,0,18326
79,0,22562
79,0,22613
79,0,22614
79,0,22616
79,0,22618
79,0,30619
79,0,30620
79,0,30621
79,1,22107
79,1,22618
79,1,22792
79,1,30619
79,1,30620
79,1,30621
157,0,1909
157,0,1910
157,0,1911
157,0,1925
157,0,1942
157,0,6346
157,0,6497
157,0,6498
157,0,6499
157,0,6505
157,0,6513
157,0,6515
157,0,6516
157,0,6581
157,0,6606
157,0,6607
157,0,9556
157,0,10009
157,0,11504
157,0,11508
157,0,12174
157,0,12181
157,0,12508
157,0,12844
157,0,14950
157,0,17764
157,0,17861
157,0,17864
157,0,17866
157,0,17868
157,0,19963
157,0,19967
157,0,19971
157,0,19998
157,0,21594
157,0,21595
157,0,22107
157,0,22208
157,0,31088
157,0,34367
157,0,34370
157,0,39534
157,0,39536
157,1,1925
157,1,6607
157,1,14808
157,1,25378
157,1,40235
157,1,40239
374,0,925
374,0,934
374,0,938
374,0,942
374,0,946
374,0,953
374,0,978
374,0,1004
374,0,1021
374,0,1022
374,0,1333
374,0,1398
374,0,1399
374,0,11113
374,0,11121
374,0,11283
374,0,21222
374,0,21237
374,0,21249
374,0,30570
374,0,31404
374,0,33644
374,0,38867
374,1,1399
396,0,9059
396,0,9065
396,0,9112
396,0,25235
396,1,10009
396,1,27981
396,1,32381
396,1,32382
396,1,32389
396,1,32390
396,2,38855
458,0,19029
974,0,975
974,0,1002
979,0,981
991,0,993
991,0,1053
991,0,1382
1007,1,33917
1017,0,1018
1017,0,1019
1017,0,1026
1017,0,1114
1017,0,27950
1018,1,1019
1021,1,1022
1036,0,1038
1036,0,1039
1036,0,1656
1036,0,3285
1036,0,9622
1036,0,9775
1036,0,9807
1036,0,9808
1036,0,9809
1036,0,9810
1036,0,10026
1036,0,10030
1036,0,10650
1036,0,13363
1036,0,16338
1036,0,21307
1036,0,21916
1036,0,22004
1036,0,23462
1036,0,23505
1036,0,25161
1036,0,29246
1036,0,29247
1036,0,29415
1036,0,29416
1036,0,30855
1036,0,32680
1036,0,34273
1036,0,37705
1036,0,37706
1036,0,37707
1036,0,38398
1036,0,38408
1036,0,38421
1036,0,38491
1036,0,39649
1036,0,39695
1036,1,9807
1036,1,9808
1036,1,9809
1036,1,9810
1036,1,22208
1036,1,29415
1036,1,29416
1036,1,30797
1036,2,30785
1044,0,1046
1044,0,27952
1061,0,1063
1061,0,1064
1067,0,1069
1067,0,1070
1095,0,1099
1136,0,1176
1136,0,26198
1136,0,26199
1136,0,26201
1136,0,26210
1136,0,26211
1137,0,1139
1137,0,1140
1185,0,1186
1185,0,1187
1185,0,1188
1191,0,1193
1191,0,1194
1196,0,1197
1196,0,1198
1196,0,1199
1205,0,1206
1205,0,1207
1205,0,1208
1220,0,1221
1220,0,1222
1220,0,1223
1234,0,1235
1234,0,1236
1234,0,1237
1247,0,1248
1247,0,1249
1247,0,1250
1259,0,1260
1259,0,1261
1259,0,1262
1270,0,1271
1270,0,1272
1270,0,1273
1280,0,1281
1280,0,1282
1280,0,1283
1289,0,1290
1289,0,1291
1289,0,1292
1297,0,1298
1297,0,1299
1297,0,1300
1304,0,1305
1304,0,1306
1304,0,1307
1310,0,1311
1310,0,1312
1310,0,1313
1315,0,1316
1315,0,1329
1315,0,1330
1315,0,1386
1315,0,1390
1315,0,29487
1315,0,29488
1315,0,29496
1315,0,29497
1315,1,1390
1373,0,1375
1373,0,29490
1373,0,29506
1412,0,1414
1412,0,1415
1475,0,1476
1475,0,1477
1475,0,1478
1475,0,1485
1475,0,1486
1475,0,26244
1475,0,26246
1475,0,26255
1475,0,26256
1475,0,26341
1475,0,26342
1475,1,26342
1494,0,1496
1494,0,1497
1545,0,1554
1545,0,1555
1545,0,1577
1545,0,1586
1545,0,1587
1545,0,1588
1545,0,1595
1545,0,1598
1545,0,26711
1545,0,26712
1545,0,26718
1545,0,26719
1545,1,1555
1546,0,1548
1546,0,1562
1546,0,1579
1628,0,1630
1628,0,1631
1909,0,6443
1909,1,19998
1942,0,18106
1942,1,17764
2797,0,13100
2797,0,38333
2797,0,38334
2811,0,32702
2811,0,32703
2811,0,32704
3276,0,3278
3279,0,9725
3283,0,39849
3285,0,3286
3285,0,7960
3285,0,14817
3285,0,14818
3285,0,14819
3285,0,17074
3285,1,39536
3296,0,3298
3296,0,30674
3296,1,22584
3296,1,30674
3296,2,22575
5223,0,25530
5223,0,25531
5223,0,25532
5223,0,29720
5242,0,12671
6413,0,6414
6416,0,6418
6506,0,6508
6506,0,6525
6506,0,6602
6506,0,12270
6515,1,6516
6531,0,6533
6531,0,6534
7419,0,21556
7419,1,21594
7419,1,21595
7533,0,7536
7546,0,21842
7546,0,21891
7546,0,21895
7546,0,21903
7546,0,22180
7615,0,18214
7615,0,19785
7617,0,9889
7617,0,9903
7617,0,9904
7654,0,7667
7654,0,7675
7654,0,7681
7755,0,18209
7863,0,7866
7863,0,7870
7863,0,7907
7863,0,7908
7863,0,7914
7878,0,7880
7878,0,7881
7878,0,7883
7892,0,7893
7892,0,7897
7892,0,7912
7892,0,11029
7893,0,7904
7903,0,10963
7903,0,10964
7903,0,10965
7907,0,7909
8298,0,14860
8298,0,14861
8298,0,14862
8298,0,17296
8298,0,17297
8506,0,37971
8800,0,20430
8893,1,33644
8993,0,12514
9065,0,9066
9131,0,9134
9131,0,9382
9131,0,9451
9131,0,29764
9131,0,29765
9131,0,29766
9382,0,9383
9466,0,9590
9466,1,9556
9483,0,9484
9483,0,13556
9483,0,13691
9483,0,13735
9483,0,13736
9483,0,13737
9502,1,9506
9503,0,9505
9505,0,9506
9517,0,9523
9525,0,9528
9531,0,9537
9541,0,9544
9546,0,9551
9547,0,9549
9585,0,18559
9597,0,9598
9597,0,9599
9597,0,9600
9597,0,18907
9597,1,39534
9706,0,9835
9706,0,9836
9710,0,9712
9730,0,11629
9730,0,11633
9730,0,11634
9730,0,11635
9730,1,11508
9732,1,11504
9835,1,9836
9903,1,9904
9938,0,18204
9938,0,20239
10025,0,10040
10025,0,10044
10025,0,10045
10025,0,10356
10025,0,10371
10025,0,10372
10025,0,10373
10025,0,10567
10026,0,10364
10026,0,10365
10026,1,10040
10026,1,10044
10026,1,10045
10026,1,10356
10026,1,10567
10030,0,10035
10030,0,10039
10031,0,10767
10031,0,10768
10047,0,10049
10048,1,10049
10051,0,10055
10053,1,10055
10061,0,10063
10062,1,10063
10073,0,10075
10074,1,10075
10077,0,10081
10079,1,10081
10086,0,10088
10087,1,10088
10110,0,10112
10111,1,10112
10132,0,10134
10133,1,10134
10152,0,10154
10153,1,10154
10170,0,10172
10171,1,10172
10186,0,10188
10187,1,10188
10200,0,10202
10201,1,10202
10212,0,10214
10213,1,10214
10222,0,10224
10223,1,10224
10230,0,10232
10231,1,10232
10236,0,10238
10237,1,10238
10239,0,10351
10239,0,10367
10239,0,10368
10239,0,10369
10240,0,10361
10240,0,10362
10240,1,10351
10241,0,10245
10241,1,10245
10241,1,10269
10241,1,10327
10243,1,10287
10243,1,10378
10243,2,10245
10243,2,10269
10254,0,10258
10254,1,10258
10254,1,10276
10254,1,10334
10256,1,10292
10256,1,10383
10256,2,10258
10256,2,10276
10267,0,10269
10267,0,10287
10267,0,10327
10274,0,10276
10274,0,10292
10274,0,10334
10351,0,10352
10351,0,10353
10351,0,10354
10356,0,10357
10356,0,10358
10356,0,10359
10376,0,10378
10381,0,10383
10425,0,10427
10425,0,10437
10425,0,10438
10425,0,10439
10425,0,26370
10426,0,10433
10426,0,10434
10426,1,10427
10426,1,26370
10427,0,10428
10427,0,10429
10427,0,10430
10443,0,10447
10445,1,10447
10445,1,26389
10445,2,26373
10445,2,26381
10485,0,10487
10485,0,10488
10485,0,10489
10486,1,10487
10486,1,10488
10486,1,10489
10491,0,10512
10491,0,10522
10491,0,10523
10491,0,10524
10491,0,10562
10491,0,31531
10491,0,31532
10492,0,10499
10492,0,10505
10492,0,31545
10494,0,10518
10494,0,10519
10494,1,10512
10494,1,10562
10494,1,31531
10494,1,31532
10495,0,31533
10495,1,10499
10495,1,10505
10495,1,31533
10497,1,10542
10497,1,31545
10497,2,10499
10497,2,31533
10512,0,10513
10512,0,10514
10512,0,10515
10540,0,10542
10622,0,10623
10622,0,10624
10622,0,10632
10624,0,10625
10624,0,10626
10634,0,10635
10634,0,10636
10634,0,10641
10636,0,10637
10636,0,10638
10646,0,10648
10654,0,10655
10654,0,10656
10654,0,10660
10656,0,10657
10656,0,10658
10663,0,10664
10663,0,10665
10663,0,10669
10665,0,10666
10665,0,10667
10672,0,10673
10672,0,10749
10673,0,10674
10673,0,10675
10680,0,10682
10689,0,10691
10730,0,18357
10731,0,10733
10763,0,10766
10763,0,10770
10773,0,10785
10773,0,10789
10776,0,10777
10776,0,10778
10778,0,10779
10778,0,10780
10785,0,10790
10785,0,10791
10819,0,13513
10819,0,13514
10819,0,13519
10819,0,13520
10819,0,13524
10825,0,13471
10825,0,13472
10825,0,13477
10825,0,13478
10825,0,13482
10847,0,10851
10847,0,10860
10847,0,10932
10847,0,30542
10847,0,30546
10847,0,31336
10847,0,31340
10847,0,33516
10847,0,33549
10847,0,33550
10850,0,34364
10850,0,34365
10850,0,34366
10945,0,10946
10945,0,11013
10945,0,11014
10981,0,10982
10985,0,10986
10990,0,10991
11021,0,11023
11021,0,11024
11021,0,11025
11021,0,11026
11085,0,34641
11085,2,34367
11311,0,11314
11311,0,11322
11311,0,11484
11311,0,25378
11311,0,30587
11311,0,30588
11311,0,31432
11311,0,31433
11311,0,33776
11311,0,33815
11311,0,33816
11311,1,24778
11311,1,25309
11499,0,11502
11503,0,17719
11503,0,17720
11503,0,17737
11503,0,17738
11503,0,17739
11506,0,11616
11506,0,11617
11506,0,11638
11506,0,11639
11506,0,11640
11580,0,17728
11580,0,17729
11580,0,17730
11580,0,18100
11616,1,11617
11760,0,11766
11768,0,11771
11774,0,11780
11784,0,11787
11897,0,19706
11897,0,19707
11897,0,19709
11942,0,22445
11942,0,22446
11942,0,22448
11954,0,12136
11954,0,12137
11964,0,17212
11964,1,17074
11975,1,13100
12010,0,12013
12010,0,12014
12010,0,12019
12010,0,12020
12010,0,12024
12019,0,12021
12046,0,12049
12046,0,12050
12046,0,12055
12046,0,12056
12046,0,12060
12046,0,12107
12046,0,12108
12046,0,12109
12046,0,12162
12046,0,12166
12046,0,12170
12055,0,12057
12124,0,12126
12136,1,12137
12138,0,12142
12140,1,12142
12205,0,13437
12268,1,12270
12287,0,12289
12782,0,12785
12782,0,12786
12782,0,12791
12782,0,12792
12782,0,12796
12791,0,12793
12954,0,34564
12954,0,34565
12954,0,34570
12954,0,34571
12954,0,34575
13020,0,13023
13020,0,13024
13020,0,13029
13020,0,13030
13020,0,13034
13029,0,13031
13072,0,38337
13072,0,38338
13120,0,23049
13477,0,13479
13519,0,13521
13588,0,13590
13597,0,13600
13597,0,13601
13597,0,13606
13597,0,13607
13597,0,13611
13606,0,13608
13653,0,16114
13664,0,17094
13664,1,13691
13698,0,13699
13698,0,13731
13698,0,13732
13698,0,13733
13782,0,13857
13782,0,13858
13782,0,13859
13827,0,13830
13827,0,13831
13827,0,13836
13827,0,13837
13827,0,13841
13836,0,13838
14127,0,17488
14147,0,14410
14147,0,14425
14147,0,14426
14147,0,14429
14425,1,14426
14440,0,37700
14802,0,14808
14802,0,14949
14803,0,14951
14803,2,14808
14813,0,14934
14814,0,14816
14823,0,14825
14850,0,14936
14864,0,14865
14864,0,14866
14864,0,14867
14915,0,14935
14929,0,14930
14929,0,14932
14937,0,14938
14937,0,14939
14937,0,14940
14937,0,16795
14937,0,16796
14937,0,16797
14937,0,16798
14991,0,14992
14991,0,14993
14991,0,14994
15060,0,15061
15060,0,15062
15060,0,15063
15086,0,16076
15086,0,17284
15086,0,17287
15086,1,16076
15142,0,15363
15142,0,15364
15142,0,15369
15142,0,15370
15142,0,15374
15183,1,16795
15183,1,16796
15183,1,16797
15183,1,16798
15345,0,17369
15345,0,17370
15345,0,17375
15345,0,17376
15345,0,17380
15369,0,15371
15409,0,39384
15409,0,39385
15409,0,39390
15409,0,39391
15409,0,39395
15439,0,15442
15439,0,15443
15439,0,15448
15439,0,15449
15439,0,15453
15448,0,15450
15618,0,16258
15618,0,16259
15618,0,16264
15618,0,16265
15618,0,16269
15908,0,15915
16197,0,16200
16197,0,16201
16197,0,16206
16197,0,16207
16197,0,16211
16206,0,16208
16264,0,16266
16404,0,16406
16511,0,16514
16544,0,16547
16544,0,16548
16544,0,16553
16544,0,16554
16544,0,16558
16544,0,16573
16544,0,16574
16544,0,16575
16553,0,16555
17032,0,17035
17038,0,17042
17048,0,17052
17375,0,17377
17405,0,17441
17405,0,17442
17405,0,17447
17405,0,17448
17405,0,17452
17447,0,17449
17485,0,17540
17719,1,17720
17721,0,17723
17721,0,17724
17721,0,17725
17721,0,17732
17778,0,18081
17778,0,18087
17786,0,18018
17786,0,18139
17786,0,18140
17786,0,18141
17786,1,17861
17796,0,17797
17796,0,17798
17796,0,17799
17796,0,17967
17796,0,17968
17796,0,17973
17796,0,17974
17796,0,17978
17807,0,18003
17807,0,18144
17807,0,18145
17807,0,18146
17807,1,17864
17815,0,17816
17815,0,17817
17815,0,17818
17815,0,17878
17815,0,17879
17815,0,17884
17815,0,17885
17815,0,17889
17826,0,17914
17826,0,18148
17826,0,18149
17826,0,18150
17826,1,17866
17831,0,17832
17831,0,17833
17831,0,17834
17831,0,18031
17831,0,18032
17831,0,18037
17831,0,18038
17831,0,18042
17846,0,18069
17846,0,18152
17846,0,18153
17846,0,18154
17846,1,17868
17850,0,17851
17850,0,17852
17850,0,17853
17850,0,17929
17850,0,17930
17850,0,17935
17850,0,17936
17850,0,17940
17884,0,17886
17935,0,17937
17973,0,17975
18037,0,18039
18186,0,18187
18186,0,18188
18186,0,18189
18186,0,18191
18254,1,37700
18255,0,18256
18257,0,18259
18290,0,18292
18293,0,18295
18329,0,18330
18331,0,18333
18393,0,18399
18401,0,18404
18407,0,18413
18417,0,18420
18461,0,18467
18469,0,18472
18474,0,18480
18483,0,18486
18494,0,18497
18500,0,18566
18512,0,18515
18599,0,18605
18607,0,18610
18676,0,18682
18684,0,18687
18865,0,18868
18942,0,18948
18950,0,18953
18956,0,18962
18964,0,18967
19001,0,19004
19048,0,19268
19078,0,19459
19078,0,19460
19078,0,19465
19078,0,19466
19078,0,19470
19465,0,19467
19586,0,19681
19586,0,19682
19586,0,19685
19639,0,19702
19639,0,19703
19639,0,19704
19681,1,19682
19706,1,19707
19716,0,19719
19716,0,19720
19716,0,19725
19716,0,19726
19716,0,19730
19725,0,19727
19877,1,19963
19877,1,19967
19877,1,19971
20243,0,20582
20253,0,20696
20263,0,20924
20273,0,20810
20283,0,21089
21235,1,21237
21247,1,21249
21250,0,21259
21250,0,21270
21250,0,21280
21268,1,21270
21278,1,21280
21297,0,21299
21297,0,21300
21297,0,21301
21726,0,21730
21726,0,21731
21726,0,21736
21726,0,21737
21726,0,21741
21736,0,21738
21779,0,21780
21779,0,21782
21779,0,21790
21783,0,21785
21792,0,21840
21800,0,21803
21807,0,21809
21848,0,22223
21848,0,22224
21848,0,22225
21851,0,21854
21851,0,21855
21851,0,21860
21851,0,21861
21851,0,21865
21860,0,21862
21896,0,21898
21896,0,22176
21983,0,21985
21992,0,21997
22004,0,22005
22004,0,22006
22004,0,22007
22013,0,32768
22013,0,32769
22013,0,32774
22013,0,32775
22013,0,32779
22045,0,22058
22067,0,23170
22085,0,34206
22085,0,34207
22085,0,34208
22113,0,22117
22121,0,22125
22445,1,22446
22514,0,22553
22514,0,22554
22514,0,22555
22564,0,22566
22564,0,22575
22564,0,22584
22564,0,30785
22564,0,30797
22564,0,31481
22564,1,22566
22564,1,22575
22564,1,30785
22618,0,22619
22618,0,22620
22618,0,22621
22675,0,28662
22687,0,22689
22687,0,22690
22687,0,22691
22763,0,22786
22763,0,22787
22763,0,22788
22763,0,22792
22793,0,22795
22793,0,22796
22793,0,22797
22940,0,25353
22940,0,25354
22940,0,25355
22964,0,22967
22964,0,22968
22964,0,22973
22964,0,22974
22964,0,22978
22973,0,22975
23006,0,23008
23014,0,24778
23014,0,25197
23014,0,25198
23014,0,25199
23024,0,25678
23024,0,25679
23024,0,25684
23024,0,25685
23024,0,25689
23066,0,23137
23066,0,23138
23066,0,23139
23195,0,24415
23195,0,26021
23195,0,26022
23195,0,26023
23196,0,23999
23196,0,24168
23205,0,23207
23282,0,23339
23282,0,23340
23282,0,23456
23282,0,23509
23285,0,24833
23285,0,24893
23308,0,23770
23317,0,24174
23337,0,25238
23339,1,23340
23355,0,23357
23404,0,23919
23404,0,23920
23404,0,23925
23404,0,23926
23404,0,23930
23408,0,25118
23408,0,25119
23408,0,25124
23408,0,25125
23408,0,25129
23462,0,23463
23462,0,23577
23503,0,23504
23505,0,23506
23505,0,24596
23520,0,23522
23569,0,24819
23569,0,24820
23569,0,24821
23569,0,24926
23569,0,25440
23611,0,23613
23808,0,23810
23925,0,23927
23948,0,23950
24039,0,24041
24210,0,24212
24438,0,24440
24511,0,24513
24574,0,24575
24617,0,24619
24779,0,25723
24779,0,25724
24779,0,25729
24779,0,25730
24779,0,25734
24789,0,25598
24789,0,25599
24789,0,25604
24789,0,25605
24789,0,25609
24861,0,24863
24887,0,24966
24887,0,24967
24887,0,24968
24977,0,24979
24977,0,24985
25029,0,25031
25124,0,25126
25182,0,25185
25242,0,25536
25242,0,25537
25242,0,25542
25242,0,25543
25242,0,25547
25297,0,25309
25402,0,25635
25402,0,25636
25402,0,25641
25402,0,25642
25402,0,25646
25491,0,25493
25542,0,25544
25579,0,25581
25604,0,25606
25641,0,25643
25684,0,25686
25729,0,25731
25808,0,25811
25808,0,25812
25808,0,25817
25808,0,25818
25808,0,25822
25817,0,25819
25899,0,25901
26005,0,26010
26005,0,26152
26005,0,26153
26005,0,26154
26053,0,26056
26053,0,26057
26053,0,26062
26053,0,26063
26053,0,26067
26062,0,26064
26081,0,26148
26081,0,26149
26081,0,26150
26202,0,26204
26202,0,26220
26210,1,26211
26247,0,26249
26247,0,26265
26247,0,26337
26255,1,26256
26371,0,26373
26371,1,26373
26371,1,26381
26371,1,26409
26379,0,26381
26379,0,26389
26379,0,26409
26438,0,26439
26438,0,26440
26438,0,26441
26438,0,26443
26438,0,26451
26438,0,26453
26438,0,26454
26438,0,26514
26444,0,26446
26444,0,26463
26453,1,26454
26469,0,26471
26469,0,26472
26516,0,26517
26516,0,26518
26516,0,26519
26521,0,26523
26521,0,26524
26526,0,26527
26526,0,26528
26526,0,26529
26535,0,26536
26535,0,26537
26535,0,26538
26550,0,26551
26550,0,26552
26550,0,26553
26564,0,26565
26564,0,26566
26564,0,26567
26577,0,26578
26577,0,26579
26577,0,26580
26589,0,26590
26589,0,26591
26589,0,26592
26600,0,26601
26600,0,26602
26600,0,26603
26610,0,26611
26610,0,26612
26610,0,26613
26619,0,26620
26619,0,26621
26619,0,26622
26627,0,26628
26627,0,26629
26627,0,26630
26634,0,26635
26634,0,26636
26634,0,26637
26640,0,26641
26640,0,26642
26640,0,26643
26645,0,26646
26645,0,26695
26645,0,31143
26645,0,31144
26645,0,31154
26645,0,31155
26664,0,26666
26664,0,26667
26718,1,26719
26874,0,26876
26886,0,26888
26992,0,26994
27004,0,27006
27017,0,27019
27035,0,27037
27166,1,33516
27173,1,33776
27187,0,27188
27187,0,27189
27188,1,27189
27197,0,27198
27197,0,27199
27198,1,27199
27204,2,31336
27211,2,31432
27218,2,31404
27226,0,27227
27235,0,27236
27269,0,27271
27280,0,27282
27328,0,27329
27328,0,27330
27328,0,27331
27382,0,27384
27430,0,27432
27525,0,27527
27537,0,27539
27643,0,27645
27655,0,27657
27757,0,27765
27757,0,27766
27757,1,27766
27757,2,27766
27770,0,27776
27770,0,27777
27770,1,27777
27770,2,27777
27789,0,27791
27800,0,27802
27819,0,27821
27830,0,27832
27837,0,27839
27852,0,27854
27969,0,27970
27969,0,27971
27969,0,27972
27969,0,27974
27976,0,27977
27976,0,27978
27976,0,27979
27976,0,27981
27985,0,27987
27985,0,27988
28007,0,28008
28007,0,28009
28007,0,28010
28007,0,28011
28007,0,28012
28007,0,28013
28007,0,28015
28017,0,28018
28017,0,28020
28017,0,28021
28023,0,28024
28028,0,28029
28032,0,28033
28032,0,28034
28032,0,28035
28039,0,28041
28040,1,28041
28045,0,28046
28045,0,28047
28045,0,28048
28051,0,28052
28055,0,28056
28059,0,28060
28059,0,28061
28059,0,28062
28069,0,28071
28069,0,28072
28069,0,28073
28070,1,28071
28070,1,28072
28070,1,28073
28075,0,28077
28075,0,28078
28076,1,28077
28076,1,28078
28079,0,28081
28080,1,28081
28082,0,28083
28082,0,28084
28082,0,28085
28095,0,28096
28095,0,28097
28095,0,28098
28095,0,28099
28095,0,28100
28102,0,28103
28102,0,28104
28102,0,28105
28102,0,28106
28107,0,28108
28107,0,28109
28107,0,28110
28112,0,28113
28115,0,28116
28115,0,28117
28119,0,28120
28122,0,28124
28122,0,28125
28122,0,28126
28122,0,28129
28123,0,28131
28123,1,28124
28123,1,28125
28123,1,28126
28133,0,28135
28133,0,28136
28133,0,28139
28134,0,28141
28134,1,28135
28134,1,28136
28143,0,28145
28143,0,28148
28144,0,28150
28144,1,28145
28152,0,28153
28152,0,28154
28152,0,28155
28152,0,28158
28160,0,28161
28160,0,28162
28160,0,28163
28160,0,28164
28160,0,28165
28160,0,28168
28170,0,28171
28170,0,28172
28170,0,28173
28170,0,28174
28170,0,28177
28179,0,28180
28179,0,28181
28179,0,28182
28179,0,28185
28187,0,28188
28187,0,28189
28187,0,28190
28187,0,28193
28195,0,28200
28202,0,28203
28202,0,28204
28202,0,28207
28209,0,28211
28209,0,28212
28209,0,28213
28210,1,28211
28210,1,28212
28210,1,28213
28216,0,28218
28216,0,28219
28217,1,28218
28217,1,28219
28222,0,28224
28223,1,28224
28227,0,28228
28227,0,28229
28227,0,28230
28234,0,28235
28234,0,28236
28234,0,28237
28240,0,28241
28240,0,28242
28240,0,28243
28240,0,28244
28240,0,28245
28248,0,28249
28248,0,28250
28248,0,28251
28248,0,28252
28255,0,28256
28255,0,28257
28255,0,28258
28262,0,28263
28262,0,28264
28262,0,28265
28268,0,28269
28268,0,28270
28274,0,28275
28274,0,28276
28279,0,28281
28279,0,28282
28279,0,28283
28279,0,28287
28279,0,28288
28279,0,28289
28280,1,28281
28280,1,28282
28280,1,28283
28285,1,28287
28285,1,28288
28285,1,28289
28291,0,28293
28291,0,28294
28291,0,28298
28291,0,28299
28292,1,28293
28292,1,28294
28296,1,28298
28296,1,28299
28301,0,28303
28302,1,28303
28305,0,28309
28307,1,28309
28311,0,28312
28311,0,28313
28311,0,28314
28316,0,28318
28316,0,28319
28316,0,28320
28322,0,28323
28322,0,28324
28322,0,28325
28322,0,28326
28322,0,28327
28330,0,28331
28330,0,28332
28330,0,28333
28330,0,28334
28337,0,28338
28337,0,28339
28337,0,28340
28342,0,28344
28342,0,28345
28342,0,28346
28348,0,28349
28348,0,28350
28352,0,28354
28352,0,28355
28363,0,28365
28363,0,28366
28363,0,28367
28376,0,28378
28376,0,28379
28381,0,28383
28389,0,28391
28393,0,28395
28393,0,28396
28400,0,28402
28400,0,28403
28405,0,28407
28413,0,28415
28417,0,28419
28417,0,28420
28424,0,28426
28424,0,28427
28424,0,28428
28430,0,28432
28430,0,28433
28430,0,28434
28438,0,28440
28438,0,28441
28438,0,28442
28458,0,28460
28458,0,28461
28458,0,28462
28465,0,28467
28472,0,28474
28475,0,28477
28475,0,28478
28475,0,28479
28482,0,28484
28482,0,28485
28482,0,28486
28488,0,28490
28493,0,28499
28493,0,28500
28493,0,28501
28495,0,28497
28510,0,28511
28514,0,28516
28524,0,28525
28528,0,28530
28538,0,28539
28542,0,28544
28547,0,28553
28550,0,28552
28556,0,28560
28558,1,28560
28563,0,28565
28568,0,28572
28570,1,28572
28575,0,28577
28580,0,28581
28584,0,28586
28589,0,28590
28593,0,28595
28598,0,28603
28600,0,28602
28606,0,28611
28608,0,28610
28613,0,28615
28613,0,28619
28613,0,28623
28613,0,28636
28613,0,28643
28613,0,28650
28630,0,28632
28634,1,28636
28641,1,28643
28646,0,28648
28804,0,28805
28804,0,28806
28804,0,28807
28804,0,28809
28804,0,28817
28804,0,28819
28804,0,28820
28810,0,28812
28810,0,28829
28819,1,28820
28835,0,28837
28835,0,28838
28858,0,30908
28858,0,30909
28858,0,30911
28858,0,30919
28858,0,30921
28858,0,30922
28914,0,28926
28915,0,28924
28933,1,30542
28933,1,31336
28951,0,28952
28951,0,28953
28951,0,28954
28951,0,28955
28951,0,28956
28951,0,28958
28951,0,28966
28951,0,28968
28951,0,28969
28951,0,29061
28951,0,29062
28951,0,29245
28959,0,28961
28959,0,28978
28968,1,28969
28984,0,28986
28984,0,28987
29074,0,29076
29074,0,29077
29074,0,29078
29074,0,29079
29074,0,29080
29074,0,29081
29074,0,29082
29074,0,29083
29093,0,29095
29093,0,29096
29093,0,29097
29093,0,29098
29093,0,29099
29093,0,29100
29093,0,29101
29093,0,29102
29113,0,29115
29113,0,29116
29113,0,29117
29113,0,29118
29113,0,29119
29113,0,29120
29113,0,29121
29113,0,29122
29129,0,29131
29129,0,29132
29129,0,29133
29129,0,29134
29129,0,29135
29129,0,29136
29129,0,29137
29129,0,29138
29144,0,29146
29144,0,29147
29144,0,29148
29144,0,29149
29144,0,29150
29144,0,29151
29144,0,29152
29144,0,29153
29158,0,29160
29158,0,29161
29158,0,29162
29158,0,29163
29158,0,29164
29158,0,29165
29158,0,29166
29158,0,29167
29171,0,29173
29171,0,29174
29171,0,29175
29171,0,29176
29171,0,29177
29171,0,29178
29171,0,29179
29171,0,29180
29183,0,29185
29183,0,29186
29183,0,29187
29183,0,29188
29183,0,29189
29183,0,29190
29183,0,29191
29183,0,29192
29195,0,29197
29195,0,29198
29195,0,29199
29195,0,29200
29195,0,29201
29195,0,29202
29195,0,29203
29195,0,29204
29207,0,29209
29207,0,29210
29207,0,29211
29207,0,29212
29207,0,29213
29207,0,29214
29207,0,29215
29207,0,29216
29220,0,29222
29220,0,29223
29220,0,29224
29220,0,29225
29220,0,29226
29220,0,29227
29220,0,29228
29220,0,29229
29220,0,29231
29233,0,29235
29233,0,29236
29233,0,29237
29233,0,29238
29233,0,29239
29233,0,29240
29233,0,29241
29233,0,29242
29233,0,29244
29256,0,29258
29261,0,29263
29261,0,29274
29261,0,29278
29261,0,29330
29261,0,29338
29261,0,29339
29261,0,29340
29262,0,29272
29262,0,29335
29262,0,29336
29262,1,29263
29262,1,29278
29262,1,29330
29279,0,29283
29279,1,29283
29279,1,29291
29279,1,29319
29281,1,29299
29281,1,29344
29281,2,29283
29281,2,29291
29289,0,29291
29289,0,29299
29289,0,29319
29330,0,29331
29330,0,29332
29330,0,29333
29342,0,29344
29452,1,30570
29452,1,31404
29478,0,29480
29496,1,29497
29531,0,29532
29533,0,29535
29553,0,29556
29553,0,29557
29553,0,29562
29553,0,29563
29553,0,29567
29562,0,29564
29595,0,29598
29595,0,29599
29595,0,29604
29595,0,29605
29595,0,29609
29604,0,29606
29635,0,29638
29635,0,29639
29635,0,29644
29635,0,29645
29635,0,29649
29644,0,29646
29676,0,29683
29676,0,29684
29676,0,29685
29858,1,30587
29858,1,31432
29881,0,29883
29882,1,29883
29885,0,29889
29887,1,29889
29891,0,29893
29892,1,29893
29893,0,29894
29897,0,29899
29902,0,29904
29903,1,29904
29904,0,29905
29908,0,29910
29913,0,29919
29914,1,29919
29916,0,29918
29919,0,29920
29923,0,29929
29925,0,29927
29928,1,29929
29929,0,29930
29953,0,29955
29953,0,29956
29953,0,30008
29953,0,30016
29953,0,30017
29953,0,30018
29953,0,30100
29953,0,30101
29954,0,30013
29954,0,30014
29954,1,29955
29954,1,29956
29954,1,30008
29957,0,29961
29957,1,29961
29957,1,29969
29957,1,29997
29959,1,29977
29959,1,30022
29959,2,29961
29959,2,29969
29967,0,29969
29967,0,29977
29967,0,29997
29967,0,30079
30008,0,30009
30008,0,30010
30008,0,30011
30020,0,30022
30039,0,30041
30039,0,30051
30039,0,30052
30039,0,30053
30039,0,31189
30040,0,30047
30040,0,30048
30040,1,30041
30040,1,31189
30041,0,30042
30041,0,30043
30041,0,30044
30074,0,30076
30074,0,31200
30074,0,31208
30074,0,31228
30124,0,30125
30124,0,30126
30124,0,30127
30124,0,30128
30124,0,30130
30124,0,30138
30124,0,30140
30124,0,30141
30131,0,30133
30131,0,30150
30131,0,30231
30140,1,30141
30156,0,30158
30156,0,30159
30204,0,30205
30204,0,31260
30204,0,31261
30204,0,31262
30204,0,31269
30204,0,31271
30204,0,31272
30226,0,30228
30226,0,31264
30226,0,31281
30298,0,30300
30324,0,30326
30343,0,30369
30343,0,30370
30354,0,30356
30360,0,30362
30360,0,30371
30369,1,30370
30373,0,30375
30380,0,30381
30384,0,30392
30384,0,30401
30384,0,30403
30384,0,30407
30386,0,30388
30390,1,30392
30395,0,30396
30399,1,30401
30418,0,30419
30423,0,30424
30428,0,30429
30444,0,30446
30480,0,30482
30516,0,30518
30547,0,30549
30547,0,31348
30589,0,30591
30589,0,31435
30606,0,30607
30608,0,30610
30912,0,30914
30912,0,30931
30921,1,30922
30937,0,30939
30937,0,30940
31146,0,31148
31146,0,31164
31154,1,31155
31190,0,31194
31190,1,31194
31190,1,31200
31190,1,31228
31192,1,31208
31192,1,31244
31192,2,31194
31192,2,31200
31242,0,31244
31271,1,31272
31287,0,31289
31287,0,31290
31343,0,31345
31343,0,31362
31461,0,31462
31464,0,31466
31464,0,31474
31504,0,31506
31505,1,31506
31639,0,31640
31639,0,31641
31639,0,31643
31639,0,31651
31639,0,31653
31639,0,31654
31644,0,31646
31644,0,31663
31653,1,31654
31669,0,31671
31669,0,31672
31691,0,31716
31691,0,31717
31691,0,31718
31691,0,31719
31692,1,31716
31692,1,31717
31692,1,31718
31692,1,31719
31726,0,31728
31726,0,31729
31726,0,31730
31726,0,31732
31726,0,31740
31726,0,31742
31726,0,31743
31726,0,31799
31726,0,31800
31726,0,31801
31726,0,31802
31726,0,31805
31726,2,31728
31727,1,31728
31727,1,31799
31727,1,31800
31727,1,31801
31727,1,31802
31733,0,31735
31733,0,31752
31742,1,31743
31758,0,31760
31758,0,31761
31853,0,31855
31854,1,31855
31888,0,31890
31888,0,31891
31888,0,31943
31888,0,31951
31888,0,31952
31888,0,31953
31888,0,31999
31888,0,32361
31888,0,32376
31888,0,32377
31888,0,32398
31888,2,32377
31889,0,31948
31889,0,31949
31889,0,32396
31889,1,31890
31889,1,31891
31889,1,31943
31889,1,31999
31889,1,32361
31889,1,32376
31889,1,32377
31892,0,31896
31892,0,32154
31892,0,32161
31892,0,32168
31892,0,32181
31892,0,32197
31892,0,32205
31892,0,32212
31892,0,32414
31892,1,31896
31892,1,31904
31892,1,31932
31892,1,32282
31892,1,32292
31892,1,32302
31892,1,32318
31892,1,32331
31892,1,32339
31894,1,31912
31894,1,31957
31894,2,31896
31894,2,31904
31902,0,31904
31902,0,31912
31902,0,31932
31902,0,32217
31902,0,32224
31902,0,32231
31902,0,32244
31902,0,32251
31902,0,32262
31902,0,32270
31902,0,32277
31902,0,32282
31902,0,32292
31902,0,32302
31902,0,32318
31902,0,32331
31902,0,32339
31902,1,32251
31943,0,31944
31943,0,31945
31943,0,31946
31943,0,32083
31943,0,32090
31943,0,32097
31943,0,32110
31943,0,32119
31943,0,32130
31943,0,32140
31943,1,32119
31955,0,31957
31955,2,32251
32000,0,32536
32000,0,32574
32000,0,32582
32000,0,32583
32000,0,32584
32001,0,32579
32001,0,32580
32001,1,32536
32001,1,32574
32002,0,32006
32002,1,32006
32002,1,32018
32002,1,32070
32004,1,32032
32004,1,32588
32004,2,32006
32004,2,32018
32016,0,32018
32016,0,32032
32016,0,32070
32108,1,32110
32108,2,32115
32113,0,32115
32113,1,32115
32117,2,32119
32128,1,32130
32138,1,32140
32143,0,32145
32147,0,32149
32147,0,32418
32179,1,32181
32179,2,32186
32184,0,32186
32184,1,32186
32195,1,32197
32203,1,32205
32208,0,32210
32242,1,32244
32242,2,32249
32247,0,32249
32247,1,32249
32260,1,32262
32268,1,32270
32273,0,32275
32316,2,32318
32316,2,32323
32321,0,32323
32321,1,32323
32329,2,32331
32337,2,32339
32342,0,32344
32352,0,32354
32352,0,32355
32353,1,32354
32353,1,32355
32380,0,32381
32380,0,32382
32380,0,32383
32380,0,32384
32380,0,32385
32380,2,32382
32388,0,32389
32388,0,32390
32388,0,32391
32388,0,32392
32388,0,32393
32388,2,32390
32486,0,32489
32486,0,32490
32487,1,32489
32487,1,32490
32497,0,32500
32497,0,32501
32498,1,32500
32498,1,32501
32509,0,32511
32509,0,32512
32510,1,32511
32510,1,32512
32574,0,32575
32574,0,32576
32574,0,32577
32586,0,32588
32624,0,32626
32628,0,32630
32628,0,32631
32639,0,32641
32643,0,32645
32643,0,32646
32650,0,32651
32650,0,32656
32651,0,32652
32651,0,32653
32651,0,32654
32658,0,32660
32658,0,32661
32666,0,32667
32666,0,32672
32667,0,32668
32667,0,32669
32667,0,32670
32674,0,32676
32674,0,32677
32683,0,32684
32690,0,32691
32690,0,32693
32706,0,32709
32706,0,32710
32706,0,32715
32706,0,32716
32706,0,32720
32715,0,32717
32774,0,32776
32923,0,32927
32925,1,32927
32936,0,32942
32937,1,32942
32941,2,32942
32941,2,32958
32941,2,34370
32945,0,32949
32947,1,32949
32947,1,32963
32947,1,34375
32954,0,32955
32954,0,32958
32954,1,32955
32954,1,32958
32954,2,32955
32961,0,32963
32970,0,32971
32970,0,32972
32970,1,32972
32970,2,32972
32976,0,32978
32981,0,32982
32981,0,32983
32981,1,32983
32981,2,32983
32987,0,32989
32993,0,32995
33059,0,33068
33060,1,33079
33063,0,33064
33063,1,33064
33067,1,33068
33067,1,33290
33071,0,33075
33073,1,33075
33073,1,33295
33078,0,33079
33078,0,33298
33082,0,33086
33082,0,33303
33084,1,33086
33229,0,33230
33233,0,33235
33238,0,33239
33242,0,33244
33286,0,33287
33286,0,33290
33286,1,33287
33286,1,33298
33293,0,33295
33301,1,33303
33311,0,33312
33311,0,33313
33311,1,33313
33386,0,33397
33386,0,33399
33400,0,33403
33400,0,33404
33400,0,33409
33400,0,33410
33400,0,33414
33400,0,33482
33400,0,33483
33400,0,33484
33409,0,33411
33441,1,33494
33442,0,33486
33442,0,33489
33442,0,33490
33442,0,33494
33442,0,33497
33442,1,33490
33442,2,33490
33443,1,33486
33446,0,33449
33446,1,33454
33447,0,33451
33447,0,33454
33447,0,33457
33447,0,33458
33447,0,33462
33447,1,33449
33447,1,33458
33447,2,33458
33448,1,33462
33448,2,33449
33466,0,33468
33466,1,33473
33467,0,33470
33467,0,33473
33467,0,33476
33467,0,33477
33467,1,33468
33467,1,33477
33467,2,33468
33467,2,33477
33549,1,33550
33568,0,33570
33568,0,33573
33568,0,33576
33568,1,33576
33602,0,33604
33602,1,34120
33615,0,33616
33615,0,33617
33616,1,33617
33619,0,33621
33702,0,33704
33702,0,33707
33702,0,33710
33702,1,33710
33736,0,33738
33736,1,34128
33747,0,33748
33747,0,33749
33748,1,33749
33751,0,33753
33815,1,33816
33835,0,33837
33835,0,33840
33835,0,33843
33835,1,33843
33869,0,33871
33869,1,34124
33882,0,33883
33882,0,33884
33883,1,33884
33886,0,33888
33897,0,33898
33897,0,33909
33897,0,33910
33900,0,33902
33909,1,33910
33916,0,33917
33916,0,33926
33916,0,33928
33916,0,34002
33916,0,34023
33916,0,34024
33916,0,34025
33916,0,34053
33916,0,34054
33916,1,34054
33916,2,34054
33930,0,33931
33930,0,33932
33931,1,33932
33934,0,33936
33934,0,33937
33936,1,33937
33940,0,33941
33940,0,33942
33941,1,33942
33944,0,33946
33949,0,33950
33949,0,33951
33949,0,33959
33949,0,33960
33949,1,33960
33950,1,33951
33954,0,33956
33964,0,33965
33964,0,33966
33964,0,33969
33964,0,33970
33964,1,33970
33965,1,33966
33974,0,33975
33974,0,33976
33975,1,33976
33983,0,33984
33983,0,33985
33984,1,33985
33988,0,33989
33988,0,33990
33989,1,33990
33993,0,33994
33993,0,33995
33994,1,33995
33997,0,33998
33997,0,33999
34005,0,34007
34005,0,34016
34005,0,34030
34005,0,34071
34005,0,34093
34005,0,34099
34005,0,34105
34005,0,34118
34005,0,34120
34005,0,34124
34005,0,34128
34005,0,34143
34005,0,34145
34005,0,34149
34005,0,34153
34005,0,34164
34005,1,34037
34005,1,34046
34027,2,34030
34028,1,34030
34032,0,34034
34032,0,34037
34032,0,34040
34032,1,34040
34043,0,34046
34043,0,34049
34043,0,34050
34043,1,34050
34043,2,34046
34043,2,34050
34064,0,34068
34091,1,34093
34097,1,34099
34103,1,34105
34110,0,34111
34110,0,34112
34110,0,34114
34111,1,34112
34116,1,34118
34133,0,34134
34133,0,34135
34134,1,34135
34137,0,34139
34137,0,34140
34139,1,34140
34141,1,34143
34158,0,34159
34158,0,34160
34159,1,34160
34162,1,34164
34182,0,34183
34182,0,34184
34182,0,34185
34182,0,34187
34189,0,34190
34189,0,34191
34189,0,34192
34189,0,34194
34198,0,34200
34198,0,34201
34198,0,34202
34198,0,34204
34212,0,34215
34225,0,34228
34235,0,34238
34245,0,34248
34254,0,34257
34268,0,34270
34268,0,34271
34268,0,34272
34348,0,37607
34348,0,37608
34348,0,37609
34358,0,35738
34358,0,35760
34358,0,35796
34358,0,35821
34364,1,34367
34364,1,34370
34373,0,34375
34570,0,34572
35717,1,35738
35719,0,35720
35719,0,35723
35719,0,35731
35721,0,35729
35721,2,35738
35725,0,35727
35745,1,35760
35747,0,35748
35747,0,35754
35750,0,35752
35771,1,35796
35773,0,35774
35773,0,35777
35773,0,35780
35773,0,35788
35775,2,35796
35778,0,35786
35778,3,35796
35782,0,35784
35803,1,35821
35805,0,35806
35805,0,35809
35805,0,35815
35807,2,35821
35811,0,35813
37655,0,37679
37655,0,37680
37655,0,37681
37709,0,37710
37709,0,37711
37712,0,37714
37759,0,37762
37759,0,37763
37759,0,37768
37759,0,37769
37759,0,37773
37768,0,37770
37992,0,37994
38005,0,38006
38136,0,38140
38136,0,38141
38136,0,38146
38136,0,38147
38136,0,38151
38146,0,38148
38175,0,38178
38175,0,38179
38175,0,38184
38175,0,38185
38175,0,38189
38184,0,38186
38237,0,38241
38286,0,38288
38296,0,38299
38307,0,38310
38333,1,38334
38337,1,38338
38672,0,38685
38674,0,38675
38678,0,38680
38694,0,38716
38696,0,38697
38696,0,38700
38696,0,38711
38698,1,38716
38703,0,38705
38707,0,38709
38720,0,38736
38722,1,38736
38724,2,38736
38740,0,38763
38742,0,38743
38742,0,38746
38742,0,38757
38744,1,38763
38749,0,38751
38753,0,38755
38767,0,38787
38769,0,38770
38769,0,38773
38769,0,38781
38771,0,38779
38771,1,38787
38775,0,38777
38791,0,38816
38793,0,38794
38793,0,38797
38793,0,38800
38793,0,38810
38795,0,38806
38795,1,38816
38798,0,38808
38798,2,38816
38802,0,38804
38820,0,38841
38822,0,38823
38822,0,38826
38822,0,38835
38824,0,38833
38824,1,38841
38829,0,38831
38844,0,38855
38844,1,38855
38846,0,38847
38860,0,38894
38861,1,38894
38863,0,38864
38863,0,38870
38863,0,38878
38868,0,38876
38868,2,38894
38872,0,38874
38881,0,38883
38897,0,38921
38898,1,38921
38900,0,38901
38900,0,38904
38900,0,38912
38902,0,38910
38902,2,38921
38906,0,38908
38924,0,38936
38925,1,38936
38940,0,38972
38941,1,38972
38945,2,38972
38947,0,38948
38947,0,38951
38947,0,38959
38949,0,38957
38949,3,38972
38953,0,38955
38975,0,39002
38976,1,39002
38978,0,38981
38978,0,38984
38978,0,38992
38979,2,39002
38982,0,38990
38982,3,39002
38986,0,38988
39005,0,39025
39006,1,39025
39008,0,39011
39008,0,39017
39009,2,39025
39013,0,39015
39029,0,39053
39031,0,39032
39031,0,39035
39031,0,39046
39033,1,39053
39038,0,39040
39042,0,39044
39057,0,39079
39059,1,39079
39061,0,39062
39061,0,39073
39065,0,39067
39069,0,39071
39083,0,39105
39085,0,39086
39085,0,39089
39085,0,39100
39087,1,39105
39092,0,39094
39096,0,39098
39109,0,39124
39111,0,39112
39111,0,39118
39114,0,39116
39128,0,39142
39130,0,39131
39130,0,39137
39133,0,39135
39146,0,39168
39148,0,39149
39148,0,39152
39148,0,39163
39150,1,39168
39155,0,39157
39159,0,39161
39172,0,39190
39174,0,39175
39174,0,39178
39174,0,39184
39176,1,39190
39180,0,39182
39193,0,39213
39195,0,39196
39195,0,39199
39195,0,39205
39197,1,39213
39201,0,39203
39207,0,39209
39217,0,39220
39217,0,39223
39217,0,39225
39218,0,39236
39221,1,39236
39227,0,39229
39240,0,39257
39242,1,39257
39244,0,39245
39244,0,39251
39247,0,39249
39390,0,39392
39430,0,39431
39435,0,39438
39440,0,39443
39455,0,39456
39459,0,39460
39463,0,39464
39481,0,39483
39594,0,39595
39594,0,39599
39627,0,39628
39721,0,39722
39721,0,39723
39721,0,39724
39953,0,39954
40083,0,40235
40093,0,40236
40093,0,40237
40093,0,40238
40093,0,40239
