"ID of id","nodeName","ID of typeid","ID of parentid"
142,"args",132,140
161,"argStr1",157,159
174,"argHash1",87,172
187,"argStr2",157,185
202,"argHash2",87,200
244,"list1",132,242
261,"list2",255,259
367,"x",87,365
378,"y",374,376
389,"w",88,387
400,"z",396,398
481,"d",477,479
492,"f",488,490
502,"bd1",458,500
517,"bd2",458,515
531,"bd3",458,529
545,"bd4",458,543
560,"bd5",458,558
613,"test1",88,611
623,"test2",87,621
792,"b",788,790
802,"i",87,800
816,"b1",788,814
961,"x",925,959
1764,"y",925,1762
1915,"collection1",1909,1913
1931,"collection2",1925,1929
1948,"collection3",1942,1946
1962,"collection11",1909,1960
1975,"collection22",1925,1973
1988,"collection33",1942,1986
2148,"test1",88,2146
2158,"test2",87,2156
2333,"b",88,2331
2801,"t",2797,2799
2877,"e",2875,2874
2933,"x",87,2931
2943,"y",87,2941
2953,"z",87,2951
3038,"x",157,3036
3050,"y",157,3048
3100,"b",88,3098
3110,"i",87,3108
3118,"r1",88,3116
3130,"r2",88,3128
3142,"r3",88,3140
3154,"r4",88,3152
3166,"r5",88,3164
3178,"r6",396,3176
3418,"aInt1",3394,3416
3433,"aInt2",3394,3431
3447,"isEqual",88,3445
3466,"a",374,3464
3476,"b",374,3474
3642,"d",477,3640
3652,"f1",488,3650
3664,"f2",488,3662
3856,"flag",396,3854
3866,"x",374,3864
3979,"x",87,3977
3991,"i",87,3989
4055,"y",157,4053
4100,"a",488,4098
4110,"b",488,4108
4120,"c1",488,4118
4134,"c",477,4132
4144,"c2",477,4142
4158,"e",488,4156
4269,"s",157,4267
4277,"i",87,4275
4287,"t1",157,4285
4297,"t2",157,4295
4309,"c",87,4307
4321,"d",157,4319
4552,"x",79,4550
4564,"y",79,4562
4627,"x",157,4625
4641,"y",157,4639
4655,"z",157,4653
4667,"n0",157,4665
4679,"n1",87,4677
4691,"n2",87,4689
4744,"test1",88,4742
4754,"test2",87,4752
4762,"test3",157,4760
4770,"y0",88,4768
4782,"n0",88,4780
4790,"y1",88,4788
4802,"n1",88,4800
4812,"n2",88,4810
4824,"n3",88,4822
4836,"n4",88,4834
4848,"y2",88,4846
4953,"result",396,4951
5144,"obj",5142,5141
5160,"obj2",5158,5157
5246,"sb",5242,5244
5259,"s",157,5257
5346,"str1",157,5344
5356,"str2",157,5354
5478,"x",79,5476
5548,"array",132,5546
5683,"c",87,5681
5726,"c",87,5724
5738,"d",87,5736
5814,"a",488,5812
5894,"a",87,5892
5974,"i",87,5972
6021,"e",2875,6019
6062,"t1",5952,6060
6072,"t2",5952,6070
6082,"t3",5952,6080
6195,"a",87,6193
6205,"b",87,6203
6252,"sum",87,6250
6262,"i",87,6260
6294,"j",87,6292
6447,"myThreadLocal",6443,6445
6769,"nonTarget",6443,6767
6904,"f",488,6902
6914,"i",87,6912
6928,"d",87,6926
6965,"a",87,6963
6975,"c",477,6973
6985,"s",157,6983
6995,"d",87,6993
7040,"N",87,7038
7050,"sum",87,7048
7062,"i",87,7060
7084,"j",87,7082
7288,"x",87,7286
7298,"flag",88,7296
